epoc (ms),timestamp (+0100),elapsed (s),x-axis (g),y-axis (g),z-axis (g)
1679582256294,2023-03-23T15.37.36.294,0.000,-0.022,-0.006,0.002
1679582256304,2023-03-23T15.37.36.304,0.010,-0.030,-0.008,-0.004
1679582256314,2023-03-23T15.37.36.314,0.020,-0.029,-0.007,-0.003
1679582256325,2023-03-23T15.37.36.325,0.031,-0.029,-0.003,-0.003
1679582256334,2023-03-23T15.37.36.334,0.040,-0.025,-0.004,-0.009
1679582256344,2023-03-23T15.37.36.344,0.050,-0.028,-0.005,-0.008
1679582256354,2023-03-23T15.37.36.354,0.060,-0.030,-0.005,-0.001
1679582256364,2023-03-23T15.37.36.364,0.070,-0.025,-0.008,-0.002
1679582256375,2023-03-23T15.37.36.375,0.081,-0.024,-0.009,-0.002
1679582256383,2023-03-23T15.37.36.383,0.089,-0.021,-0.007,0.001
1679582256394,2023-03-23T15.37.36.394,0.100,-0.020,-0.007,0.004
1679582256404,2023-03-23T15.37.36.404,0.110,-0.016,-0.004,-0.004
1679582256414,2023-03-23T15.37.36.414,0.120,-0.020,-0.003,-0.008
1679582256424,2023-03-23T15.37.36.424,0.130,-0.023,-0.003,-0.006
1679582256433,2023-03-23T15.37.36.433,0.139,-0.030,-0.002,-0.005
1679582256443,2023-03-23T15.37.36.443,0.149,-0.032,0.004,-0.005
1679582256454,2023-03-23T15.37.36.454,0.160,-0.030,0.009,0.000
1679582256464,2023-03-23T15.37.36.464,0.170,-0.027,0.015,0.002
1679582256474,2023-03-23T15.37.36.474,0.180,-0.029,0.015,0.002
1679582256483,2023-03-23T15.37.36.483,0.189,-0.028,0.015,0.004
1679582256493,2023-03-23T15.37.36.493,0.199,-0.023,0.011,0.000
1679582256503,2023-03-23T15.37.36.503,0.209,-0.021,0.007,-0.001
1679582256514,2023-03-23T15.37.36.514,0.220,-0.028,-0.002,0.001
1679582256524,2023-03-23T15.37.36.524,0.230,-0.029,-0.008,-0.005
1679582256533,2023-03-23T15.37.36.533,0.239,-0.027,-0.012,-0.002
1679582256543,2023-03-23T15.37.36.543,0.249,-0.024,-0.017,-0.003
1679582256553,2023-03-23T15.37.36.553,0.259,-0.024,-0.017,-0.001
1679582256564,2023-03-23T15.37.36.564,0.270,-0.025,-0.013,-0.001
1679582256574,2023-03-23T15.37.36.574,0.280,-0.023,-0.008,-0.005
1679582256583,2023-03-23T15.37.36.583,0.289,-0.022,-0.004,-0.006
1679582256593,2023-03-23T15.37.36.593,0.299,-0.023,-0.002,-0.004
1679582256603,2023-03-23T15.37.36.603,0.309,-0.025,-0.003,0.003
1679582256613,2023-03-23T15.37.36.613,0.319,-0.027,0.000,0.000
1679582256624,2023-03-23T15.37.36.624,0.330,-0.026,0.002,0.000
1679582256632,2023-03-23T15.37.36.632,0.338,-0.025,-0.002,0.003
1679582256643,2023-03-23T15.37.36.643,0.349,-0.022,-0.005,-0.003
1679582256653,2023-03-23T15.37.36.653,0.359,-0.023,-0.006,-0.004
1679582256663,2023-03-23T15.37.36.663,0.369,-0.025,-0.005,-0.000
1679582256673,2023-03-23T15.37.36.673,0.379,-0.024,0.000,0.000
1679582256682,2023-03-23T15.37.36.682,0.388,-0.025,0.003,0.001
1679582256692,2023-03-23T15.37.36.692,0.398,-0.024,0.001,0.005
1679582256703,2023-03-23T15.37.36.703,0.409,-0.025,-0.002,0.002
1679582256713,2023-03-23T15.37.36.713,0.419,-0.018,-0.009,-0.001
1679582256722,2023-03-23T15.37.36.722,0.428,-0.015,-0.015,-0.003
1679582256732,2023-03-23T15.37.36.732,0.438,-0.020,-0.018,-0.002
1679582256742,2023-03-23T15.37.36.742,0.448,-0.024,-0.020,0.003
1679582256752,2023-03-23T15.37.36.752,0.458,-0.022,-0.019,0.006
1679582256763,2023-03-23T15.37.36.763,0.469,-0.017,-0.017,0.003
1679582256772,2023-03-23T15.37.36.772,0.478,-0.016,-0.015,0.004
1679582256782,2023-03-23T15.37.36.782,0.488,-0.013,-0.020,-0.000
1679582256792,2023-03-23T15.37.36.792,0.498,-0.010,-0.020,-0.010
1679582256802,2023-03-23T15.37.36.802,0.508,-0.016,-0.023,-0.009
1679582256813,2023-03-23T15.37.36.813,0.519,-0.021,-0.024,-0.001
1679582256821,2023-03-23T15.37.36.821,0.527,-0.026,-0.020,-0.006
1679582256832,2023-03-23T15.37.36.832,0.538,-0.029,-0.020,-0.006
1679582256842,2023-03-23T15.37.36.842,0.548,-0.024,-0.018,-0.011
1679582256852,2023-03-23T15.37.36.852,0.558,-0.017,-0.017,-0.011
1679582256861,2023-03-23T15.37.36.861,0.567,-0.014,-0.012,-0.013
1679582256871,2023-03-23T15.37.36.871,0.577,-0.018,-0.007,-0.014
1679582256881,2023-03-23T15.37.36.881,0.587,-0.020,-0.006,-0.016
1679582256892,2023-03-23T15.37.36.892,0.598,-0.019,-0.008,-0.023
1679582256902,2023-03-23T15.37.36.902,0.608,-0.022,-0.005,-0.021
1679582256912,2023-03-23T15.37.36.912,0.618,-0.024,-0.002,-0.017
1679582256921,2023-03-23T15.37.36.921,0.627,-0.027,-0.003,-0.028
1679582256931,2023-03-23T15.37.36.931,0.637,-0.026,-0.003,-0.031
1679582256941,2023-03-23T15.37.36.941,0.647,-0.026,-0.002,-0.025
1679582256952,2023-03-23T15.37.36.952,0.658,-0.023,-0.006,-0.023
1679582256960,2023-03-23T15.37.36.960,0.666,-0.021,-0.005,-0.025
1679582256971,2023-03-23T15.37.36.971,0.677,-0.024,-0.004,-0.031
1679582256981,2023-03-23T15.37.36.981,0.687,-0.023,-0.004,-0.044
1679582256991,2023-03-23T15.37.36.991,0.697,-0.021,-0.005,-0.046
1679582257001,2023-03-23T15.37.37.001,0.707,-0.019,-0.008,-0.043
1679582257010,2023-03-23T15.37.37.010,0.716,-0.019,-0.010,-0.035
1679582257021,2023-03-23T15.37.37.021,0.727,-0.022,-0.011,-0.023
1679582257031,2023-03-23T15.37.37.031,0.737,-0.029,-0.014,-0.011
1679582257041,2023-03-23T15.37.37.041,0.747,-0.022,-0.013,-0.028
1679582257051,2023-03-23T15.37.37.051,0.757,-0.021,-0.016,-0.031
1679582257060,2023-03-23T15.37.37.060,0.766,-0.023,-0.027,-0.028
1679582257070,2023-03-23T15.37.37.070,0.776,-0.026,-0.038,-0.022
1679582257081,2023-03-23T15.37.37.081,0.787,-0.026,-0.044,-0.023
1679582257091,2023-03-23T15.37.37.091,0.797,-0.026,-0.055,-0.026
1679582257101,2023-03-23T15.37.37.101,0.807,-0.028,-0.062,-0.038
1679582257110,2023-03-23T15.37.37.110,0.816,-0.027,-0.068,-0.045
1679582257120,2023-03-23T15.37.37.120,0.826,-0.018,-0.065,-0.043
1679582257130,2023-03-23T15.37.37.130,0.836,-0.011,-0.065,-0.042
1679582257141,2023-03-23T15.37.37.141,0.847,-0.005,-0.059,-0.035
1679582257151,2023-03-23T15.37.37.151,0.857,-0.007,-0.054,-0.035
1679582257160,2023-03-23T15.37.37.160,0.866,-0.012,-0.043,-0.043
1679582257170,2023-03-23T15.37.37.170,0.876,-0.017,-0.031,-0.040
1679582257180,2023-03-23T15.37.37.180,0.886,-0.031,-0.025,-0.024
1679582257190,2023-03-23T15.37.37.190,0.896,-0.028,-0.024,-0.038
1679582257199,2023-03-23T15.37.37.199,0.905,-0.016,-0.037,-0.049
1679582257210,2023-03-23T15.37.37.210,0.916,-0.011,-0.050,-0.047
1679582257220,2023-03-23T15.37.37.220,0.926,-0.015,-0.060,-0.038
1679582257230,2023-03-23T15.37.37.230,0.936,-0.019,-0.057,-0.017
1679582257240,2023-03-23T15.37.37.240,0.946,-0.016,-0.050,-0.020
1679582257249,2023-03-23T15.37.37.249,0.955,-0.019,-0.037,-0.024
1679582257259,2023-03-23T15.37.37.259,0.965,-0.022,-0.029,-0.014
1679582257270,2023-03-23T15.37.37.270,0.976,-0.022,-0.025,-0.015
1679582257280,2023-03-23T15.37.37.280,0.986,-0.026,-0.022,-0.009
1679582257290,2023-03-23T15.37.37.290,0.996,-0.029,-0.015,-0.005
1679582257299,2023-03-23T15.37.37.299,1.005,-0.032,-0.011,-0.006
1679582257309,2023-03-23T15.37.37.309,1.015,-0.030,-0.007,-0.009
1679582257319,2023-03-23T15.37.37.319,1.025,-0.026,-0.003,-0.008
1679582257330,2023-03-23T15.37.37.330,1.036,-0.023,0.002,-0.007
1679582257340,2023-03-23T15.37.37.340,1.046,-0.025,0.005,-0.009
1679582257349,2023-03-23T15.37.37.349,1.055,-0.026,0.001,-0.016
1679582257359,2023-03-23T15.37.37.359,1.065,-0.029,-0.002,-0.016
1679582257369,2023-03-23T15.37.37.369,1.075,-0.033,-0.005,-0.026
1679582257379,2023-03-23T15.37.37.379,1.085,-0.036,-0.009,-0.026
1679582257390,2023-03-23T15.37.37.390,1.096,-0.029,-0.016,-0.030
1679582257400,2023-03-23T15.37.37.400,1.106,-0.021,-0.024,-0.037
1679582257409,2023-03-23T15.37.37.409,1.115,-0.017,-0.030,-0.035
1679582257419,2023-03-23T15.37.37.419,1.125,-0.017,-0.033,-0.035
1679582257429,2023-03-23T15.37.37.429,1.135,-0.020,-0.039,-0.040
1679582257439,2023-03-23T15.37.37.439,1.145,-0.022,-0.045,-0.045
1679582257448,2023-03-23T15.37.37.448,1.154,-0.019,-0.052,-0.047
1679582257459,2023-03-23T15.37.37.459,1.165,-0.014,-0.056,-0.048
1679582257469,2023-03-23T15.37.37.469,1.175,-0.009,-0.062,-0.051
1679582257479,2023-03-23T15.37.37.479,1.185,-0.012,-0.067,-0.052
1679582257488,2023-03-23T15.37.37.488,1.194,-0.012,-0.071,-0.051
1679582257498,2023-03-23T15.37.37.498,1.204,-0.008,-0.072,-0.049
1679582257508,2023-03-23T15.37.37.508,1.214,-0.008,-0.066,-0.047
1679582257519,2023-03-23T15.37.37.519,1.225,-0.010,-0.056,-0.045
1679582257529,2023-03-23T15.37.37.529,1.235,-0.010,-0.049,-0.049
1679582257538,2023-03-23T15.37.37.538,1.244,-0.015,-0.048,-0.048
1679582257548,2023-03-23T15.37.37.548,1.254,-0.023,-0.041,-0.048
1679582257558,2023-03-23T15.37.37.558,1.264,-0.028,-0.035,-0.047
1679582257568,2023-03-23T15.37.37.568,1.274,-0.034,-0.027,-0.042
1679582257579,2023-03-23T15.37.37.579,1.285,-0.037,-0.017,-0.043
1679582257587,2023-03-23T15.37.37.587,1.293,-0.034,-0.008,-0.049
1679582257598,2023-03-23T15.37.37.598,1.304,-0.024,-0.007,-0.038
1679582257608,2023-03-23T15.37.37.608,1.314,-0.019,-0.015,-0.037
1679582257618,2023-03-23T15.37.37.618,1.324,-0.016,-0.027,-0.048
1679582257628,2023-03-23T15.37.37.628,1.334,-0.010,-0.036,-0.050
1679582257639,2023-03-23T15.37.37.639,1.345,-0.013,-0.049,-0.038
1679582257647,2023-03-23T15.37.37.647,1.353,-0.015,-0.064,-0.027
1679582257658,2023-03-23T15.37.37.658,1.364,-0.007,-0.070,-0.021
1679582257668,2023-03-23T15.37.37.668,1.374,0.003,-0.074,-0.018
1679582257678,2023-03-23T15.37.37.678,1.384,0.009,-0.075,-0.013
1679582257687,2023-03-23T15.37.37.687,1.393,0.012,-0.067,-0.008
1679582257697,2023-03-23T15.37.37.697,1.403,0.009,-0.056,-0.001
1679582257708,2023-03-23T15.37.37.708,1.414,0.014,-0.050,-0.001
1679582257718,2023-03-23T15.37.37.718,1.424,0.010,-0.043,0.006
1679582257727,2023-03-23T15.37.37.727,1.433,0.004,-0.037,0.012
1679582257737,2023-03-23T15.37.37.737,1.443,0.000,-0.030,0.016
1679582257747,2023-03-23T15.37.37.747,1.453,-0.006,-0.025,0.013
1679582257757,2023-03-23T15.37.37.757,1.463,-0.009,-0.016,0.019
1679582257768,2023-03-23T15.37.37.768,1.474,-0.015,-0.006,0.022
1679582257776,2023-03-23T15.37.37.776,1.482,-0.018,0.007,0.013
1679582257787,2023-03-23T15.37.37.787,1.493,-0.019,0.014,0.013
1679582257797,2023-03-23T15.37.37.797,1.503,-0.012,0.009,0.007
1679582257807,2023-03-23T15.37.37.807,1.513,-0.011,-0.006,0.012
1679582257817,2023-03-23T15.37.37.817,1.523,-0.005,-0.025,0.009
1679582257826,2023-03-23T15.37.37.826,1.532,0.005,-0.036,0.000
1679582257836,2023-03-23T15.37.37.836,1.542,0.001,-0.037,-0.004
1679582257847,2023-03-23T15.37.37.847,1.553,-0.005,-0.034,-0.008
1679582257857,2023-03-23T15.37.37.857,1.563,-0.012,-0.033,-0.012
1679582257867,2023-03-23T15.37.37.867,1.573,-0.012,-0.031,-0.015
1679582257877,2023-03-23T15.37.37.877,1.583,-0.011,-0.030,-0.018
1679582257886,2023-03-23T15.37.37.886,1.592,-0.009,-0.037,-0.024
1679582257897,2023-03-23T15.37.37.897,1.603,0.001,-0.044,0.008
1679582257907,2023-03-23T15.37.37.907,1.613,-0.026,-0.055,0.006
1679582257917,2023-03-23T15.37.37.917,1.623,-0.025,-0.063,-0.004
1679582257926,2023-03-23T15.37.37.926,1.632,-0.033,-0.070,-0.001
1679582257936,2023-03-23T15.37.37.936,1.642,-0.029,-0.071,0.008
1679582257946,2023-03-23T15.37.37.946,1.652,-0.037,-0.069,0.001
1679582257957,2023-03-23T15.37.37.957,1.663,-0.036,-0.062,0.001
1679582257965,2023-03-23T15.37.37.965,1.671,-0.033,-0.061,0.020
1679582257976,2023-03-23T15.37.37.976,1.682,-0.037,-0.055,0.029
1679582257986,2023-03-23T15.37.37.986,1.692,-0.034,-0.037,0.046
1679582257996,2023-03-23T15.37.37.996,1.702,-0.028,-0.010,0.065
1679582258006,2023-03-23T15.37.38.006,1.712,-0.057,0.008,0.073
1679582258015,2023-03-23T15.37.38.015,1.721,-0.082,0.019,0.097
1679582258025,2023-03-23T15.37.38.025,1.731,-0.113,0.034,0.111
1679582258036,2023-03-23T15.37.38.036,1.742,-0.134,0.049,0.136
1679582258046,2023-03-23T15.37.38.046,1.752,-0.153,0.055,0.153
1679582258056,2023-03-23T15.37.38.056,1.762,-0.158,0.057,0.122
1679582258065,2023-03-23T15.37.38.065,1.771,-0.149,0.052,0.074
1679582258075,2023-03-23T15.37.38.075,1.781,-0.123,0.044,0.057
1679582258085,2023-03-23T15.37.38.085,1.791,-0.096,0.032,0.073
1679582258096,2023-03-23T15.37.38.096,1.802,-0.078,0.016,0.087
1679582258106,2023-03-23T15.37.38.106,1.812,-0.062,0.006,0.095
1679582258116,2023-03-23T15.37.38.116,1.822,-0.052,-0.001,0.107
1679582258125,2023-03-23T15.37.38.125,1.831,-0.044,-0.002,0.128
1679582258135,2023-03-23T15.37.38.135,1.841,-0.045,0.003,0.127
1679582258146,2023-03-23T15.37.38.146,1.852,-0.037,0.021,0.081
1679582258156,2023-03-23T15.37.38.156,1.862,-0.028,0.041,0.043
1679582258165,2023-03-23T15.37.38.165,1.871,-0.023,0.052,0.036
1679582258175,2023-03-23T15.37.38.175,1.881,-0.024,0.065,0.048
1679582258185,2023-03-23T15.37.38.185,1.891,-0.025,0.073,0.043
1679582258195,2023-03-23T15.37.38.195,1.901,-0.019,0.076,0.022
1679582258206,2023-03-23T15.37.38.206,1.912,-0.003,0.076,-0.001
1679582258214,2023-03-23T15.37.38.214,1.920,0.004,0.077,0.014
1679582258225,2023-03-23T15.37.38.225,1.931,0.038,0.088,0.008
1679582258235,2023-03-23T15.37.38.235,1.941,0.025,0.088,0.029
1679582258245,2023-03-23T15.37.38.245,1.951,0.009,0.086,0.025
1679582258255,2023-03-23T15.37.38.255,1.961,0.025,0.084,0.025
1679582258264,2023-03-23T15.37.38.264,1.970,0.016,0.080,0.051
1679582258274,2023-03-23T15.37.38.274,1.980,0.008,0.082,0.052
1679582258285,2023-03-23T15.37.38.285,1.991,0.001,0.084,0.035
1679582258295,2023-03-23T15.37.38.295,2.001,-0.004,0.082,0.036
1679582258304,2023-03-23T15.37.38.304,2.010,-0.003,0.080,0.032
1679582258314,2023-03-23T15.37.38.314,2.020,-0.001,0.085,0.026
1679582258324,2023-03-23T15.37.38.324,2.030,-0.006,0.087,0.027
1679582258335,2023-03-23T15.37.38.335,2.041,-0.007,0.081,0.022
1679582258345,2023-03-23T15.37.38.345,2.051,-0.002,0.075,0.011
1679582258354,2023-03-23T15.37.38.354,2.060,0.001,0.070,0.003
1679582258365,2023-03-23T15.37.38.365,2.071,0.004,0.064,0.003
1679582258374,2023-03-23T15.37.38.374,2.080,-0.002,0.055,0.006
1679582258384,2023-03-23T15.37.38.384,2.090,-0.006,0.039,0.001
1679582258395,2023-03-23T15.37.38.395,2.101,-0.009,0.033,0.001
1679582258403,2023-03-23T15.37.38.403,2.109,-0.015,0.022,0.007
1679582258414,2023-03-23T15.37.38.414,2.120,-0.019,0.008,0.016
1679582258424,2023-03-23T15.37.38.424,2.130,-0.031,-0.001,0.043
1679582258434,2023-03-23T15.37.38.434,2.140,-0.039,-0.012,0.076
1679582258444,2023-03-23T15.37.38.444,2.150,-0.039,-0.026,0.085
1679582258453,2023-03-23T15.37.38.453,2.159,-0.037,-0.031,0.085
1679582258463,2023-03-23T15.37.38.463,2.169,-0.031,-0.029,0.079
1679582258474,2023-03-23T15.37.38.474,2.180,-0.020,-0.035,0.074
1679582258484,2023-03-23T15.37.38.484,2.190,-0.003,-0.040,0.070
1679582258493,2023-03-23T15.37.38.493,2.199,0.012,-0.037,0.059
1679582258503,2023-03-23T15.37.38.503,2.209,0.014,-0.028,0.046
1679582258513,2023-03-23T15.37.38.513,2.219,0.014,-0.023,0.051
1679582258523,2023-03-23T15.37.38.523,2.229,0.013,-0.024,0.062
1679582258534,2023-03-23T15.37.38.534,2.240,0.005,-0.022,0.066
1679582258543,2023-03-23T15.37.38.543,2.249,-0.004,-0.019,0.062
1679582258553,2023-03-23T15.37.38.553,2.259,-0.002,-0.010,0.036
1679582258563,2023-03-23T15.37.38.563,2.269,0.014,-0.002,-0.003
1679582258573,2023-03-23T15.37.38.573,2.279,0.020,0.002,0.018
1679582258584,2023-03-23T15.37.38.584,2.290,0.011,0.020,0.053
1679582258592,2023-03-23T15.37.38.592,2.298,-0.001,0.040,0.034
1679582258604,2023-03-23T15.37.38.604,2.310,-0.001,0.058,0.015
1679582258613,2023-03-23T15.37.38.613,2.319,0.015,0.047,0.009
1679582258623,2023-03-23T15.37.38.623,2.329,0.032,0.030,0.019
1679582258633,2023-03-23T15.37.38.633,2.339,0.032,0.026,0.010
1679582258642,2023-03-23T15.37.38.642,2.348,0.032,0.023,-0.013
1679582258652,2023-03-23T15.37.38.652,2.358,0.032,0.012,-0.041
1679582258663,2023-03-23T15.37.38.663,2.369,0.025,-0.006,-0.038
1679582258673,2023-03-23T15.37.38.673,2.379,0.012,-0.023,-0.029
1679582258683,2023-03-23T15.37.38.683,2.389,0.003,-0.031,-0.038
1679582258692,2023-03-23T15.37.38.692,2.398,-0.024,-0.042,-0.017
1679582258702,2023-03-23T15.37.38.702,2.408,-0.070,-0.050,0.037
1679582258712,2023-03-23T15.37.38.712,2.418,-0.099,-0.050,0.062
1679582258723,2023-03-23T15.37.38.723,2.429,-0.094,-0.036,0.040
1679582258733,2023-03-23T15.37.38.733,2.439,-0.076,-0.022,0.023
1679582258742,2023-03-23T15.37.38.742,2.448,-0.061,-0.015,0.009
1679582258752,2023-03-23T15.37.38.752,2.458,-0.051,-0.017,0.001
1679582258762,2023-03-23T15.37.38.762,2.468,-0.046,-0.022,-0.001
1679582258772,2023-03-23T15.37.38.772,2.478,-0.033,-0.020,-0.011
1679582258781,2023-03-23T15.37.38.781,2.487,-0.018,-0.007,-0.029
1679582258792,2023-03-23T15.37.38.792,2.498,-0.012,0.008,-0.036
1679582258802,2023-03-23T15.37.38.802,2.508,-0.017,0.018,-0.025
1679582258812,2023-03-23T15.37.38.812,2.518,-0.030,0.016,-0.020
1679582258822,2023-03-23T15.37.38.822,2.528,-0.046,0.006,-0.013
1679582258833,2023-03-23T15.37.38.833,2.539,-0.055,0.003,-0.008
1679582258843,2023-03-23T15.37.38.843,2.549,-0.053,0.005,-0.026
1679582258852,2023-03-23T15.37.38.852,2.558,-0.053,-0.007,-0.032
1679582258862,2023-03-23T15.37.38.862,2.568,-0.059,-0.015,-0.020
1679582258872,2023-03-23T15.37.38.872,2.578,-0.064,-0.022,-0.014
1679582258881,2023-03-23T15.37.38.881,2.587,-0.071,-0.040,-0.014
1679582258891,2023-03-23T15.37.38.891,2.597,-0.071,-0.049,-0.007
1679582258901,2023-03-23T15.37.38.901,2.607,-0.056,-0.055,-0.004
1679582258912,2023-03-23T15.37.38.912,2.618,-0.032,-0.052,-0.012
1679582258922,2023-03-23T15.37.38.922,2.628,-0.011,-0.045,-0.037
1679582258931,2023-03-23T15.37.38.931,2.637,0.008,-0.043,-0.044
1679582258941,2023-03-23T15.37.38.941,2.647,0.016,-0.042,-0.032
1679582258951,2023-03-23T15.37.38.951,2.657,0.005,-0.031,-0.024
1679582258961,2023-03-23T15.37.38.961,2.667,-0.017,-0.023,-0.026
1679582258972,2023-03-23T15.37.38.972,2.678,-0.028,-0.024,-0.034
1679582258980,2023-03-23T15.37.38.980,2.686,-0.034,-0.028,-0.038
1679582258991,2023-03-23T15.37.38.991,2.697,-0.029,-0.030,-0.028
1679582259001,2023-03-23T15.37.39.001,2.707,-0.019,-0.027,-0.022
1679582259011,2023-03-23T15.37.39.011,2.717,-0.011,-0.017,-0.024
1679582259022,2023-03-23T15.37.39.022,2.728,-0.011,-0.015,-0.016
1679582259030,2023-03-23T15.37.39.030,2.736,-0.016,-0.018,0.011
1679582259041,2023-03-23T15.37.39.041,2.747,-0.018,-0.025,0.028
1679582259051,2023-03-23T15.37.39.051,2.757,-0.017,-0.020,0.040
1679582259061,2023-03-23T15.37.39.061,2.767,-0.011,0.016,0.018
1679582259070,2023-03-23T15.37.39.070,2.776,0.002,0.066,-0.074
1679582259080,2023-03-23T15.37.39.080,2.786,0.015,0.066,-0.115
1679582259090,2023-03-23T15.37.39.090,2.796,0.001,0.028,-0.044
1679582259101,2023-03-23T15.37.39.101,2.807,-0.028,0.018,-0.045
1679582259111,2023-03-23T15.37.39.111,2.817,-0.040,0.026,-0.099
1679582259120,2023-03-23T15.37.39.120,2.826,-0.049,0.018,-0.049
1679582259130,2023-03-23T15.37.39.130,2.836,-0.052,0.010,0.022
1679582259140,2023-03-23T15.37.39.140,2.846,-0.025,0.025,0.014
1679582259150,2023-03-23T15.37.39.150,2.856,-0.010,0.049,-0.019
1679582259161,2023-03-23T15.37.39.161,2.867,-0.011,0.058,-0.001
1679582259171,2023-03-23T15.37.39.171,2.877,-0.041,0.051,0.017
1679582259180,2023-03-23T15.37.39.180,2.886,-0.080,0.045,-0.004
1679582259190,2023-03-23T15.37.39.190,2.896,-0.107,0.035,-0.012
1679582259200,2023-03-23T15.37.39.200,2.906,-0.123,0.010,-0.019
1679582259210,2023-03-23T15.37.39.210,2.916,-0.116,-0.011,-0.029
1679582259219,2023-03-23T15.37.39.219,2.925,-0.088,-0.021,-0.020
1679582259230,2023-03-23T15.37.39.230,2.936,-0.059,-0.018,-0.017
1679582259240,2023-03-23T15.37.39.240,2.946,-0.041,-0.008,-0.014
1679582259250,2023-03-23T15.37.39.250,2.956,-0.038,-0.007,-0.010
1679582259260,2023-03-23T15.37.39.260,2.966,-0.039,-0.004,-0.010
1679582259269,2023-03-23T15.37.39.269,2.975,-0.046,-0.005,-0.003
1679582259279,2023-03-23T15.37.39.279,2.985,-0.048,-0.005,0.004
1679582259290,2023-03-23T15.37.39.290,2.996,-0.048,-0.011,0.015
1679582259300,2023-03-23T15.37.39.300,3.006,-0.047,-0.020,0.020
1679582259310,2023-03-23T15.37.39.310,3.016,-0.044,-0.026,0.021
1679582259319,2023-03-23T15.37.39.319,3.025,-0.043,-0.032,0.028
1679582259329,2023-03-23T15.37.39.329,3.035,-0.046,-0.033,0.033
1679582259339,2023-03-23T15.37.39.339,3.045,-0.057,-0.022,0.024
1679582259350,2023-03-23T15.37.39.350,3.056,-0.069,0.013,-0.011
1679582259358,2023-03-23T15.37.39.358,3.064,-0.064,0.052,-0.062
1679582259369,2023-03-23T15.37.39.369,3.075,-0.058,0.063,-0.082
1679582259379,2023-03-23T15.37.39.379,3.085,-0.053,0.047,-0.078
1679582259389,2023-03-23T15.37.39.389,3.095,-0.053,0.037,-0.063
1679582259399,2023-03-23T15.37.39.399,3.105,-0.045,0.044,-0.047
1679582259410,2023-03-23T15.37.39.410,3.116,-0.025,0.055,-0.008
1679582259418,2023-03-23T15.37.39.418,3.124,-0.009,0.065,-0.006
1679582259429,2023-03-23T15.37.39.429,3.135,-0.007,0.072,-0.014
1679582259439,2023-03-23T15.37.39.439,3.145,-0.028,0.061,-0.016
1679582259449,2023-03-23T15.37.39.449,3.155,-0.041,0.037,-0.032
1679582259458,2023-03-23T15.37.39.458,3.164,-0.037,0.024,-0.036
1679582259468,2023-03-23T15.37.39.468,3.174,-0.028,0.016,-0.050
1679582259479,2023-03-23T15.37.39.479,3.185,-0.017,-0.004,-0.066
1679582259489,2023-03-23T15.37.39.489,3.195,-0.012,-0.029,-0.066
1679582259499,2023-03-23T15.37.39.499,3.205,-0.011,-0.055,-0.069
1679582259508,2023-03-23T15.37.39.508,3.214,-0.004,-0.076,-0.073
1679582259518,2023-03-23T15.37.39.518,3.224,-0.000,-0.084,-0.082
1679582259528,2023-03-23T15.37.39.528,3.234,0.004,-0.094,-0.085
1679582259539,2023-03-23T15.37.39.539,3.245,-0.002,-0.113,-0.071
1679582259549,2023-03-23T15.37.39.549,3.255,-0.004,-0.126,-0.059
1679582259558,2023-03-23T15.37.39.558,3.264,-0.001,-0.134,-0.046
1679582259568,2023-03-23T15.37.39.568,3.274,-0.001,-0.136,-0.040
1679582259578,2023-03-23T15.37.39.578,3.284,-0.002,-0.131,-0.043
1679582259588,2023-03-23T15.37.39.588,3.294,-0.004,-0.120,-0.036
1679582259597,2023-03-23T15.37.39.597,3.303,-0.008,-0.103,-0.033
1679582259607,2023-03-23T15.37.39.607,3.313,-0.013,-0.081,-0.020
1679582259618,2023-03-23T15.37.39.618,3.324,-0.019,-0.055,-0.017
1679582259628,2023-03-23T15.37.39.628,3.334,-0.022,-0.034,-0.020
1679582259638,2023-03-23T15.37.39.638,3.344,-0.022,-0.016,-0.019
1679582259648,2023-03-23T15.37.39.648,3.354,-0.027,-0.001,-0.012
1679582259657,2023-03-23T15.37.39.657,3.363,-0.034,0.009,-0.006
1679582259668,2023-03-23T15.37.39.668,3.374,-0.037,0.019,-0.005
1679582259678,2023-03-23T15.37.39.678,3.384,-0.038,0.023,-0.010
1679582259688,2023-03-23T15.37.39.688,3.394,-0.040,0.024,-0.011
1679582259697,2023-03-23T15.37.39.697,3.403,-0.039,0.015,-0.011
1679582259707,2023-03-23T15.37.39.707,3.413,-0.035,0.008,-0.013
1679582259717,2023-03-23T15.37.39.717,3.423,-0.036,0.003,-0.013
1679582259728,2023-03-23T15.37.39.728,3.434,-0.034,-0.000,-0.015
1679582259738,2023-03-23T15.37.39.738,3.444,-0.031,-0.004,-0.009
1679582259747,2023-03-23T15.37.39.747,3.453,-0.037,-0.005,0.005
1679582259757,2023-03-23T15.37.39.757,3.463,-0.034,0.001,0.001
1679582259767,2023-03-23T15.37.39.767,3.473,-0.030,0.007,-0.003
1679582259777,2023-03-23T15.37.39.777,3.483,-0.033,0.008,0.003
1679582259788,2023-03-23T15.37.39.788,3.494,-0.035,0.012,0.012
1679582259796,2023-03-23T15.37.39.796,3.502,-0.031,0.011,0.002
1679582259807,2023-03-23T15.37.39.807,3.513,-0.031,0.009,-0.004
1679582259817,2023-03-23T15.37.39.817,3.523,-0.025,0.006,-0.000
1679582259827,2023-03-23T15.37.39.827,3.533,-0.020,-0.003,0.005
1679582259837,2023-03-23T15.37.39.837,3.543,-0.019,-0.015,0.002
1679582259848,2023-03-23T15.37.39.848,3.554,-0.019,-0.031,-0.002
1679582259856,2023-03-23T15.37.39.856,3.562,-0.015,-0.043,-0.004
1679582259867,2023-03-23T15.37.39.867,3.573,-0.012,-0.052,-0.001
1679582259877,2023-03-23T15.37.39.877,3.583,-0.006,-0.057,-0.015
1679582259886,2023-03-23T15.37.39.886,3.592,-0.005,-0.064,-0.023
1679582259897,2023-03-23T15.37.39.897,3.603,-0.005,-0.066,-0.021
1679582259906,2023-03-23T15.37.39.906,3.612,-0.006,-0.065,-0.025
1679582259917,2023-03-23T15.37.39.917,3.623,-0.008,-0.062,-0.029
1679582259927,2023-03-23T15.37.39.927,3.633,-0.011,-0.055,-0.024
1679582259937,2023-03-23T15.37.39.937,3.643,-0.016,-0.053,-0.019
1679582259946,2023-03-23T15.37.39.946,3.652,-0.020,-0.049,-0.020
1679582259956,2023-03-23T15.37.39.956,3.662,-0.022,-0.046,-0.019
1679582259966,2023-03-23T15.37.39.966,3.672,-0.019,-0.046,-0.017
1679582259977,2023-03-23T15.37.39.977,3.683,-0.019,-0.044,-0.018
1679582259985,2023-03-23T15.37.39.985,3.691,-0.021,-0.045,-0.014
1679582259996,2023-03-23T15.37.39.996,3.702,-0.026,-0.044,-0.015
1679582260006,2023-03-23T15.37.40.006,3.712,-0.030,-0.041,-0.017
1679582260016,2023-03-23T15.37.40.016,3.722,-0.028,-0.036,-0.024
1679582260026,2023-03-23T15.37.40.026,3.732,-0.027,-0.033,-0.024
1679582260035,2023-03-23T15.37.40.035,3.741,-0.021,-0.034,-0.018
1679582260045,2023-03-23T15.37.40.045,3.751,-0.014,-0.033,-0.015
1679582260056,2023-03-23T15.37.40.056,3.762,-0.014,-0.027,-0.011
1679582260066,2023-03-23T15.37.40.066,3.772,-0.015,-0.017,-0.017
1679582260076,2023-03-23T15.37.40.076,3.782,-0.019,-0.016,-0.020
1679582260085,2023-03-23T15.37.40.085,3.791,-0.026,-0.018,-0.019
1679582260095,2023-03-23T15.37.40.095,3.801,-0.031,-0.023,-0.018
1679582260105,2023-03-23T15.37.40.105,3.811,-0.036,-0.030,-0.019
1679582260116,2023-03-23T15.37.40.116,3.822,-0.033,-0.039,-0.017
1679582260126,2023-03-23T15.37.40.126,3.832,-0.035,-0.048,-0.014
1679582260136,2023-03-23T15.37.40.136,3.842,-0.039,-0.058,-0.012
1679582260145,2023-03-23T15.37.40.145,3.851,-0.039,-0.063,-0.007
1679582260155,2023-03-23T15.37.40.155,3.861,-0.030,-0.066,-0.007
1679582260166,2023-03-23T15.37.40.166,3.872,-0.025,-0.071,-0.011
1679582260176,2023-03-23T15.37.40.176,3.882,-0.025,-0.080,-0.009
1679582260185,2023-03-23T15.37.40.185,3.891,-0.023,-0.089,-0.010
1679582260195,2023-03-23T15.37.40.195,3.901,-0.026,-0.100,-0.008
1679582260205,2023-03-23T15.37.40.205,3.911,-0.033,-0.104,0.004
1679582260215,2023-03-23T15.37.40.215,3.921,-0.037,-0.111,0.004
1679582260224,2023-03-23T15.37.40.224,3.930,-0.041,-0.126,0.007
1679582260234,2023-03-23T15.37.40.234,3.940,-0.053,-0.132,0.030
1679582260245,2023-03-23T15.37.40.245,3.951,-0.059,-0.121,0.036
1679582260255,2023-03-23T15.37.40.255,3.961,-0.057,-0.116,0.024
1679582260265,2023-03-23T15.37.40.265,3.971,-0.050,-0.087,0.009
1679582260274,2023-03-23T15.37.40.274,3.980,-0.035,-0.055,0.005
1679582260284,2023-03-23T15.37.40.284,3.990,-0.019,-0.043,-0.003
1679582260294,2023-03-23T15.37.40.294,4.000,-0.007,-0.033,-0.005
1679582260305,2023-03-23T15.37.40.305,4.011,0.004,-0.021,-0.005
1679582260315,2023-03-23T15.37.40.315,4.021,0.011,-0.008,-0.004
1679582260324,2023-03-23T15.37.40.324,4.030,0.015,0.003,-0.002
1679582260334,2023-03-23T15.37.40.334,4.040,0.015,0.008,0.006
1679582260344,2023-03-23T15.37.40.344,4.050,0.006,0.010,0.015
1679582260355,2023-03-23T15.37.40.355,4.061,-0.004,0.024,0.027
1679582260365,2023-03-23T15.37.40.365,4.071,-0.011,0.049,0.034
1679582260375,2023-03-23T15.37.40.375,4.081,-0.014,0.076,0.037
1679582260384,2023-03-23T15.37.40.384,4.090,-0.020,0.094,0.022
1679582260394,2023-03-23T15.37.40.394,4.100,-0.022,0.099,0.003
1679582260404,2023-03-23T15.37.40.404,4.110,-0.024,0.102,0.016
1679582260415,2023-03-23T15.37.40.415,4.121,-0.020,0.103,0.026
1679582260423,2023-03-23T15.37.40.423,4.129,-0.018,0.106,0.021
1679582260434,2023-03-23T15.37.40.434,4.140,-0.020,0.108,0.015
1679582260444,2023-03-23T15.37.40.444,4.150,-0.020,0.103,0.019
1679582260454,2023-03-23T15.37.40.454,4.160,-0.015,0.094,0.019
1679582260463,2023-03-23T15.37.40.463,4.169,-0.019,0.086,0.017
1679582260473,2023-03-23T15.37.40.473,4.179,-0.024,0.069,0.000
1679582260483,2023-03-23T15.37.40.483,4.189,-0.018,0.045,-0.006
1679582260494,2023-03-23T15.37.40.494,4.200,-0.009,0.041,0.044
1679582260504,2023-03-23T15.37.40.504,4.210,0.001,0.042,0.057
1679582260513,2023-03-23T15.37.40.513,4.219,0.009,0.044,0.025
1679582260523,2023-03-23T15.37.40.523,4.229,0.009,0.033,0.018
1679582260533,2023-03-23T15.37.40.533,4.239,0.013,0.014,0.017
1679582260543,2023-03-23T15.37.40.543,4.249,0.012,-0.004,0.028
1679582260554,2023-03-23T15.37.40.554,4.260,0.004,-0.024,0.030
1679582260563,2023-03-23T15.37.40.563,4.269,-0.007,-0.046,0.030
1679582260573,2023-03-23T15.37.40.573,4.279,-0.014,-0.068,0.025
1679582260583,2023-03-23T15.37.40.583,4.289,-0.013,-0.091,0.018
1679582260593,2023-03-23T15.37.40.593,4.299,-0.005,-0.115,0.013
1679582260604,2023-03-23T15.37.40.604,4.310,0.002,-0.133,0.011
1679582260612,2023-03-23T15.37.40.612,4.318,0.005,-0.148,0.009
1679582260623,2023-03-23T15.37.40.623,4.329,0.006,-0.162,-0.008
1679582260633,2023-03-23T15.37.40.633,4.339,0.016,-0.165,-0.026
1679582260643,2023-03-23T15.37.40.643,4.349,0.024,-0.159,-0.026
1679582260653,2023-03-23T15.37.40.653,4.359,0.015,-0.158,-0.008
1679582260662,2023-03-23T15.37.40.662,4.368,-0.001,-0.150,0.013
1679582260672,2023-03-23T15.37.40.672,4.378,-0.014,-0.146,0.020
1679582260683,2023-03-23T15.37.40.683,4.389,-0.017,-0.127,0.015
1679582260693,2023-03-23T15.37.40.693,4.399,-0.012,-0.102,0.010
1679582260703,2023-03-23T15.37.40.703,4.409,-0.011,-0.087,0.010
1679582260712,2023-03-23T15.37.40.712,4.418,-0.009,-0.075,0.006
1679582260722,2023-03-23T15.37.40.722,4.428,-0.002,-0.063,0.000
1679582260732,2023-03-23T15.37.40.732,4.438,-0.000,-0.054,-0.000
1679582260743,2023-03-23T15.37.40.743,4.449,-0.008,-0.051,-0.002
1679582260753,2023-03-23T15.37.40.753,4.459,-0.009,-0.040,-0.004
1679582260762,2023-03-23T15.37.40.762,4.468,-0.007,-0.025,0.002
1679582260772,2023-03-23T15.37.40.772,4.478,-0.009,-0.012,0.007
1679582260782,2023-03-23T15.37.40.782,4.488,-0.023,-0.011,0.009
1679582260793,2023-03-23T15.37.40.793,4.499,-0.036,-0.010,0.017
1679582260801,2023-03-23T15.37.40.801,4.507,-0.044,-0.006,0.016
1679582260812,2023-03-23T15.37.40.812,4.518,-0.047,-0.006,0.003
1679582260822,2023-03-23T15.37.40.822,4.528,-0.050,-0.007,-0.007
1679582260832,2023-03-23T15.37.40.832,4.538,-0.055,-0.006,-0.005
1679582260842,2023-03-23T15.37.40.842,4.548,-0.055,-0.006,-0.013
1679582260851,2023-03-23T15.37.40.851,4.557,-0.051,-0.006,-0.020
1679582260863,2023-03-23T15.37.40.863,4.569,-0.049,-0.009,-0.014
1679582260872,2023-03-23T15.37.40.872,4.578,-0.046,-0.011,-0.003
1679582260882,2023-03-23T15.37.40.882,4.588,-0.043,-0.019,0.002
1679582260892,2023-03-23T15.37.40.892,4.598,-0.043,-0.028,0.002
1679582260901,2023-03-23T15.37.40.901,4.607,-0.036,-0.038,0.006
1679582260911,2023-03-23T15.37.40.911,4.617,-0.030,-0.046,0.006
1679582260921,2023-03-23T15.37.40.921,4.627,-0.024,-0.048,0.000
1679582260932,2023-03-23T15.37.40.932,4.638,-0.017,-0.048,-0.001
1679582260942,2023-03-23T15.37.40.942,4.648,-0.011,-0.047,-0.005
1679582260951,2023-03-23T15.37.40.951,4.657,-0.007,-0.046,-0.013
1679582260961,2023-03-23T15.37.40.961,4.667,-0.007,-0.043,-0.020
1679582260971,2023-03-23T15.37.40.971,4.677,-0.009,-0.036,-0.022
1679582260981,2023-03-23T15.37.40.981,4.687,-0.014,-0.029,-0.020
1679582260990,2023-03-23T15.37.40.990,4.696,-0.022,-0.023,-0.017
1679582261001,2023-03-23T15.37.41.001,4.707,-0.031,-0.016,-0.011
1679582261011,2023-03-23T15.37.41.011,4.717,-0.038,-0.009,-0.007
1679582261021,2023-03-23T15.37.41.021,4.727,-0.044,-0.009,-0.009
1679582261031,2023-03-23T15.37.41.031,4.737,-0.047,-0.009,-0.005
1679582261040,2023-03-23T15.37.41.040,4.746,-0.049,-0.010,-0.001
1679582261050,2023-03-23T15.37.41.050,4.756,-0.047,-0.011,0.002
1679582261061,2023-03-23T15.37.41.061,4.767,-0.040,-0.009,-0.002
1679582261071,2023-03-23T15.37.41.071,4.777,-0.033,-0.010,-0.003
1679582261081,2023-03-23T15.37.41.081,4.787,-0.028,-0.014,-0.003
1679582261090,2023-03-23T15.37.41.090,4.796,-0.027,-0.010,-0.009
1679582261100,2023-03-23T15.37.41.100,4.806,-0.023,-0.004,-0.014
1679582261110,2023-03-23T15.37.41.110,4.816,-0.026,0.000,-0.012
1679582261121,2023-03-23T15.37.41.121,4.827,-0.027,0.001,-0.015
1679582261131,2023-03-23T15.37.41.131,4.837,-0.029,0.001,-0.016
1679582261140,2023-03-23T15.37.41.140,4.846,-0.029,0.002,-0.016
1679582261150,2023-03-23T15.37.41.150,4.856,-0.032,0.003,-0.012
1679582261160,2023-03-23T15.37.41.160,4.866,-0.034,0.004,-0.007
1679582261170,2023-03-23T15.37.41.170,4.876,-0.034,0.003,-0.001
1679582261181,2023-03-23T15.37.41.181,4.887,-0.037,-0.004,-0.001
1679582261189,2023-03-23T15.37.41.189,4.895,-0.037,-0.007,-0.002
1679582261200,2023-03-23T15.37.41.200,4.906,-0.033,-0.012,-0.003
1679582261210,2023-03-23T15.37.41.210,4.916,-0.031,-0.012,-0.003
1679582261220,2023-03-23T15.37.41.220,4.926,-0.030,-0.012,-0.005
1679582261230,2023-03-23T15.37.41.230,4.936,-0.029,-0.014,-0.010
1679582261239,2023-03-23T15.37.41.239,4.945,-0.021,-0.017,-0.009
1679582261250,2023-03-23T15.37.41.250,4.956,-0.020,-0.022,-0.008
1679582261260,2023-03-23T15.37.41.260,4.966,-0.023,-0.027,-0.011
1679582261270,2023-03-23T15.37.41.270,4.976,-0.024,-0.029,-0.010
1679582261279,2023-03-23T15.37.41.279,4.985,-0.025,-0.029,-0.009
1679582261289,2023-03-23T15.37.41.289,4.995,-0.025,-0.027,-0.007
1679582261299,2023-03-23T15.37.41.299,5.005,-0.026,-0.025,-0.006
1679582261310,2023-03-23T15.37.41.310,5.016,-0.027,-0.024,-0.007
1679582261320,2023-03-23T15.37.41.320,5.026,-0.030,-0.021,-0.006
1679582261329,2023-03-23T15.37.41.329,5.035,-0.028,-0.022,-0.007
1679582261339,2023-03-23T15.37.41.339,5.045,-0.028,-0.020,-0.006
1679582261349,2023-03-23T15.37.41.349,5.055,-0.027,-0.020,-0.008
1679582261359,2023-03-23T15.37.41.359,5.065,-0.028,-0.021,-0.009
1679582261370,2023-03-23T15.37.41.370,5.076,-0.026,-0.021,-0.006
1679582261378,2023-03-23T15.37.41.378,5.084,-0.025,-0.021,-0.004
1679582261389,2023-03-23T15.37.41.389,5.095,-0.025,-0.023,-0.006
1679582261399,2023-03-23T15.37.41.399,5.105,-0.023,-0.021,-0.007
1679582261409,2023-03-23T15.37.41.409,5.115,-0.025,-0.023,-0.005
1679582261419,2023-03-23T15.37.41.419,5.125,-0.026,-0.024,-0.007
1679582261430,2023-03-23T15.37.41.430,5.136,-0.022,-0.024,-0.006
1679582261439,2023-03-23T15.37.41.439,5.145,-0.023,-0.025,-0.006
1679582261449,2023-03-23T15.37.41.449,5.155,-0.022,-0.028,-0.007
1679582261459,2023-03-23T15.37.41.459,5.165,-0.022,-0.026,-0.008
1679582261469,2023-03-23T15.37.41.469,5.175,-0.018,-0.023,-0.008
1679582261478,2023-03-23T15.37.41.478,5.184,-0.021,-0.022,-0.007
1679582261488,2023-03-23T15.37.41.488,5.194,-0.021,-0.025,-0.009
1679582261499,2023-03-23T15.37.41.499,5.205,-0.020,-0.026,-0.007
1679582261509,2023-03-23T15.37.41.509,5.215,-0.025,-0.028,-0.007
1679582261518,2023-03-23T15.37.41.518,5.224,-0.025,-0.028,-0.010
1679582261528,2023-03-23T15.37.41.528,5.234,-0.024,-0.031,-0.012
1679582261538,2023-03-23T15.37.41.538,5.244,-0.023,-0.031,-0.009
1679582261548,2023-03-23T15.37.41.548,5.254,-0.023,-0.034,-0.012
1679582261559,2023-03-23T15.37.41.559,5.265,-0.024,-0.036,-0.013
1679582261567,2023-03-23T15.37.41.567,5.273,-0.024,-0.037,-0.012
1679582261578,2023-03-23T15.37.41.578,5.284,-0.023,-0.036,-0.013
1679582261588,2023-03-23T15.37.41.588,5.294,-0.020,-0.037,-0.010
1679582261598,2023-03-23T15.37.41.598,5.304,-0.020,-0.038,-0.012
1679582261608,2023-03-23T15.37.41.608,5.314,-0.023,-0.038,-0.012
1679582261617,2023-03-23T15.37.41.617,5.323,-0.021,-0.037,-0.012
1679582261627,2023-03-23T15.37.41.627,5.333,-0.018,-0.041,-0.014
1679582261638,2023-03-23T15.37.41.638,5.344,-0.019,-0.040,-0.013
1679582261648,2023-03-23T15.37.41.648,5.354,-0.018,-0.035,-0.009
1679582261658,2023-03-23T15.37.41.658,5.364,-0.022,-0.033,-0.008
1679582261667,2023-03-23T15.37.41.667,5.373,-0.025,-0.034,-0.007
1679582261677,2023-03-23T15.37.41.677,5.383,-0.023,-0.036,-0.011
1679582261688,2023-03-23T15.37.41.688,5.394,-0.023,-0.035,-0.007
1679582261698,2023-03-23T15.37.41.698,5.404,-0.023,-0.035,-0.007
1679582261708,2023-03-23T15.37.41.708,5.414,-0.025,-0.033,-0.008
1679582261717,2023-03-23T15.37.41.717,5.423,-0.021,-0.031,-0.006
1679582261727,2023-03-23T15.37.41.727,5.433,-0.023,-0.029,-0.005
1679582261737,2023-03-23T15.37.41.737,5.443,-0.022,-0.027,-0.007
1679582261748,2023-03-23T15.37.41.748,5.454,-0.022,-0.024,-0.009
1679582261758,2023-03-23T15.37.41.758,5.464,-0.022,-0.023,-0.006
1679582261767,2023-03-23T15.37.41.767,5.473,-0.023,-0.024,-0.006
1679582261777,2023-03-23T15.37.41.777,5.483,-0.024,-0.023,-0.007
1679582261787,2023-03-23T15.37.41.787,5.493,-0.026,-0.023,-0.005
1679582261797,2023-03-23T15.37.41.797,5.503,-0.026,-0.023,-0.007
1679582261806,2023-03-23T15.37.41.806,5.512,-0.027,-0.021,-0.006
1679582261816,2023-03-23T15.37.41.816,5.522,-0.029,-0.020,-0.005
1679582261827,2023-03-23T15.37.41.827,5.533,-0.029,-0.021,-0.007
1679582261837,2023-03-23T15.37.41.837,5.543,-0.027,-0.022,-0.007
1679582261847,2023-03-23T15.37.41.847,5.553,-0.026,-0.023,-0.006
1679582261856,2023-03-23T15.37.41.856,5.562,-0.027,-0.017,-0.007
1679582261866,2023-03-23T15.37.41.866,5.572,-0.025,-0.015,-0.004
1679582261876,2023-03-23T15.37.41.876,5.582,-0.025,-0.017,-0.003
1679582261887,2023-03-23T15.37.41.887,5.593,-0.024,-0.019,-0.002
1679582261897,2023-03-23T15.37.41.897,5.603,-0.026,-0.024,-0.003
1679582261906,2023-03-23T15.37.41.906,5.612,-0.028,-0.022,-0.007
1679582261916,2023-03-23T15.37.41.916,5.622,-0.028,-0.020,-0.009
1679582261926,2023-03-23T15.37.41.926,5.632,-0.029,-0.021,-0.007
1679582261937,2023-03-23T15.37.41.937,5.643,-0.026,-0.023,-0.008
1679582261947,2023-03-23T15.37.41.947,5.653,-0.022,-0.026,-0.007
1679582261956,2023-03-23T15.37.41.956,5.662,-0.022,-0.025,-0.007
1679582261966,2023-03-23T15.37.41.966,5.672,-0.024,-0.025,-0.007
1679582261976,2023-03-23T15.37.41.976,5.682,-0.023,-0.025,-0.006
1679582261986,2023-03-23T15.37.41.986,5.692,-0.024,-0.026,-0.003
1679582261997,2023-03-23T15.37.41.997,5.703,-0.024,-0.027,-0.004
1679582262005,2023-03-23T15.37.42.005,5.711,-0.026,-0.030,-0.003
1679582262016,2023-03-23T15.37.42.016,5.722,-0.024,-0.031,-0.005
1679582262026,2023-03-23T15.37.42.026,5.732,-0.023,-0.029,-0.005
1679582262036,2023-03-23T15.37.42.036,5.742,-0.023,-0.025,-0.006
1679582262046,2023-03-23T15.37.42.046,5.752,-0.024,-0.022,-0.007
1679582262055,2023-03-23T15.37.42.055,5.761,-0.025,-0.020,-0.007
1679582262065,2023-03-23T15.37.42.065,5.771,-0.027,-0.019,-0.006
1679582262076,2023-03-23T15.37.42.076,5.782,-0.026,-0.015,-0.007
1679582262086,2023-03-23T15.37.42.086,5.792,-0.027,-0.014,-0.009
1679582262095,2023-03-23T15.37.42.095,5.801,-0.027,-0.012,-0.008
1679582262105,2023-03-23T15.37.42.105,5.811,-0.026,-0.014,-0.009
1679582262115,2023-03-23T15.37.42.115,5.821,-0.027,-0.018,-0.009
1679582262126,2023-03-23T15.37.42.126,5.832,-0.027,-0.021,-0.010
1679582262136,2023-03-23T15.37.42.136,5.842,-0.028,-0.023,-0.011
1679582262145,2023-03-23T15.37.42.145,5.851,-0.027,-0.028,-0.011
1679582262156,2023-03-23T15.37.42.156,5.862,-0.024,-0.033,-0.014
1679582262165,2023-03-23T15.37.42.165,5.871,-0.019,-0.037,-0.016
1679582262175,2023-03-23T15.37.42.175,5.881,-0.018,-0.041,-0.019
1679582262186,2023-03-23T15.37.42.186,5.892,-0.017,-0.043,-0.018
1679582262194,2023-03-23T15.37.42.194,5.900,-0.018,-0.045,-0.017
1679582262205,2023-03-23T15.37.42.205,5.911,-0.018,-0.046,-0.018
1679582262215,2023-03-23T15.37.42.215,5.921,-0.020,-0.047,-0.016
1679582262225,2023-03-23T15.37.42.225,5.931,-0.024,-0.048,-0.015
1679582262235,2023-03-23T15.37.42.235,5.941,-0.025,-0.047,-0.014
1679582262244,2023-03-23T15.37.42.244,5.950,-0.021,-0.046,-0.012
1679582262254,2023-03-23T15.37.42.254,5.960,-0.020,-0.042,-0.014
1679582262265,2023-03-23T15.37.42.265,5.971,-0.025,-0.036,-0.013
1679582262275,2023-03-23T15.37.42.275,5.981,-0.025,-0.036,-0.014
1679582262285,2023-03-23T15.37.42.285,5.991,-0.027,-0.038,-0.016
1679582262294,2023-03-23T15.37.42.294,6.000,-0.018,-0.032,-0.005
1679582262304,2023-03-23T15.37.42.304,6.010,-0.019,-0.011,-0.008
1679582262314,2023-03-23T15.37.42.314,6.020,-0.015,-0.001,-0.004
1679582262325,2023-03-23T15.37.42.325,6.031,-0.012,-0.001,0.007
1679582262334,2023-03-23T15.37.42.334,6.040,-0.018,-0.001,0.009
1679582262344,2023-03-23T15.37.42.344,6.050,-0.021,-0.005,0.012
1679582262354,2023-03-23T15.37.42.354,6.060,-0.021,-0.015,0.015
1679582262364,2023-03-23T15.37.42.364,6.070,-0.018,-0.019,0.016
1679582262375,2023-03-23T15.37.42.375,6.081,-0.011,-0.023,0.014
1679582262383,2023-03-23T15.37.42.383,6.089,-0.012,-0.031,0.012
1679582262395,2023-03-23T15.37.42.395,6.101,-0.020,-0.045,-0.002
1679582262404,2023-03-23T15.37.42.404,6.110,-0.042,-0.058,-0.023
1679582262414,2023-03-23T15.37.42.414,6.120,-0.049,-0.047,-0.032
1679582262424,2023-03-23T15.37.42.424,6.130,-0.049,-0.030,-0.041
1679582262433,2023-03-23T15.37.42.433,6.139,-0.026,-0.003,-0.039
1679582262443,2023-03-23T15.37.42.443,6.149,0.008,-0.001,-0.011
1679582262454,2023-03-23T15.37.42.454,6.160,0.011,-0.020,-0.007
1679582262464,2023-03-23T15.37.42.464,6.170,0.026,-0.028,0.009
1679582262474,2023-03-23T15.37.42.474,6.180,0.024,-0.035,0.017
1679582262483,2023-03-23T15.37.42.483,6.189,-0.002,-0.045,0.007
1679582262493,2023-03-23T15.37.42.493,6.199,-0.042,-0.052,-0.002
1679582262503,2023-03-23T15.37.42.503,6.209,-0.071,-0.049,-0.005
1679582262514,2023-03-23T15.37.42.514,6.220,-0.072,-0.037,-0.001
1679582262524,2023-03-23T15.37.42.524,6.230,-0.018,-0.036,0.006
1679582262533,2023-03-23T15.37.42.533,6.239,-0.001,-0.047,0.015
1679582262543,2023-03-23T15.37.42.543,6.249,-0.053,-0.016,-0.010
1679582262553,2023-03-23T15.37.42.553,6.259,-0.058,-0.003,-0.000
1679582262564,2023-03-23T15.37.42.564,6.270,-0.010,-0.009,0.012
1679582262574,2023-03-23T15.37.42.574,6.280,-0.000,-0.008,0.013
1679582262583,2023-03-23T15.37.42.583,6.289,-0.020,-0.003,0.012
1679582262593,2023-03-23T15.37.42.593,6.299,-0.044,0.000,0.004
1679582262603,2023-03-23T15.37.42.603,6.309,-0.048,0.005,-0.002
1679582262613,2023-03-23T15.37.42.613,6.319,-0.037,0.006,-0.003
1679582262622,2023-03-23T15.37.42.622,6.328,-0.030,0.007,-0.001
1679582262634,2023-03-23T15.37.42.634,6.340,-0.037,0.009,0.001
1679582262643,2023-03-23T15.37.42.643,6.349,-0.039,0.008,0.003
1679582262653,2023-03-23T15.37.42.653,6.359,-0.035,0.004,0.000
1679582262663,2023-03-23T15.37.42.663,6.369,-0.028,0.004,-0.000
1679582262672,2023-03-23T15.37.42.672,6.378,-0.023,0.005,0.002
1679582262682,2023-03-23T15.37.42.682,6.388,-0.023,0.012,0.001
1679582262692,2023-03-23T15.37.42.692,6.398,-0.030,0.020,0.001
1679582262703,2023-03-23T15.37.42.703,6.409,-0.040,0.023,0.001
1679582262713,2023-03-23T15.37.42.713,6.419,-0.044,0.023,-0.002
1679582262722,2023-03-23T15.37.42.722,6.428,-0.046,0.021,-0.000
1679582262732,2023-03-23T15.37.42.732,6.438,-0.051,0.015,0.008
1679582262742,2023-03-23T15.37.42.742,6.448,-0.051,0.017,0.014
1679582262752,2023-03-23T15.37.42.752,6.458,-0.046,0.023,0.009
1679582262763,2023-03-23T15.37.42.763,6.469,-0.037,0.027,-0.004
1679582262772,2023-03-23T15.37.42.772,6.478,-0.037,0.030,-0.008
1679582262782,2023-03-23T15.37.42.782,6.488,-0.036,0.026,-0.003
1679582262792,2023-03-23T15.37.42.792,6.498,-0.030,0.021,-0.004
1679582262802,2023-03-23T15.37.42.802,6.508,-0.021,0.018,-0.003
1679582262813,2023-03-23T15.37.42.813,6.519,-0.015,0.017,0.002
1679582262821,2023-03-23T15.37.42.821,6.527,-0.019,0.018,-0.001
1679582262832,2023-03-23T15.37.42.832,6.538,-0.026,0.024,-0.006
1679582262842,2023-03-23T15.37.42.842,6.548,-0.025,0.021,-0.009
1679582262852,2023-03-23T15.37.42.852,6.558,-0.027,0.012,-0.015
1679582262862,2023-03-23T15.37.42.862,6.568,-0.028,-0.003,-0.025
1679582262871,2023-03-23T15.37.42.871,6.577,-0.028,-0.019,-0.030
1679582262881,2023-03-23T15.37.42.881,6.587,-0.028,-0.037,-0.031
1679582262892,2023-03-23T15.37.42.892,6.598,-0.026,-0.062,-0.032
1679582262902,2023-03-23T15.37.42.902,6.608,-0.016,-0.085,-0.031
1679582262911,2023-03-23T15.37.42.911,6.617,-0.007,-0.102,-0.029
1679582262921,2023-03-23T15.37.42.921,6.627,-0.003,-0.110,-0.032
1679582262931,2023-03-23T15.37.42.931,6.637,-0.010,-0.115,-0.034
1679582262941,2023-03-23T15.37.42.941,6.647,-0.010,-0.124,-0.038
1679582262952,2023-03-23T15.37.42.952,6.658,-0.010,-0.132,-0.043
1679582262962,2023-03-23T15.37.42.962,6.668,-0.009,-0.139,-0.045
1679582262971,2023-03-23T15.37.42.971,6.677,-0.009,-0.146,-0.049
1679582262981,2023-03-23T15.37.42.981,6.687,-0.000,-0.158,-0.055
1679582262991,2023-03-23T15.37.42.991,6.697,0.010,-0.168,-0.059
1679582263001,2023-03-23T15.37.43.001,6.707,0.021,-0.172,-0.063
1679582263010,2023-03-23T15.37.43.010,6.716,0.024,-0.167,-0.067
1679582263021,2023-03-23T15.37.43.021,6.727,0.021,-0.154,-0.059
1679582263031,2023-03-23T15.37.43.031,6.737,0.009,-0.134,-0.053
1679582263041,2023-03-23T15.37.43.041,6.747,0.005,-0.118,-0.050
1679582263051,2023-03-23T15.37.43.051,6.757,0.004,-0.100,-0.048
1679582263060,2023-03-23T15.37.43.060,6.766,0.000,-0.080,-0.044
1679582263070,2023-03-23T15.37.43.070,6.776,-0.009,-0.056,-0.033
1679582263081,2023-03-23T15.37.43.081,6.787,-0.014,-0.036,-0.027
1679582263091,2023-03-23T15.37.43.091,6.797,-0.018,-0.023,-0.021
1679582263101,2023-03-23T15.37.43.101,6.807,-0.025,-0.012,-0.019
1679582263110,2023-03-23T15.37.43.110,6.816,-0.033,-0.002,-0.018
1679582263120,2023-03-23T15.37.43.120,6.826,-0.038,0.007,-0.017
1679582263130,2023-03-23T15.37.43.130,6.836,-0.043,0.014,-0.013
1679582263141,2023-03-23T15.37.43.141,6.847,-0.043,0.022,-0.010
1679582263149,2023-03-23T15.37.43.149,6.855,-0.042,0.028,-0.002
1679582263160,2023-03-23T15.37.43.160,6.866,-0.036,0.031,0.000
1679582263170,2023-03-23T15.37.43.170,6.876,-0.031,0.029,0.008
1679582263180,2023-03-23T15.37.43.180,6.886,-0.030,0.030,0.016
1679582263190,2023-03-23T15.37.43.190,6.896,-0.028,0.026,0.012
1679582263201,2023-03-23T15.37.43.201,6.907,-0.028,0.024,0.012
1679582263210,2023-03-23T15.37.43.210,6.916,-0.031,0.021,0.014
1679582263220,2023-03-23T15.37.43.220,6.926,-0.033,0.013,0.013
1679582263230,2023-03-23T15.37.43.230,6.936,-0.034,0.004,0.007
1679582263240,2023-03-23T15.37.43.240,6.946,-0.035,-0.007,0.003
1679582263249,2023-03-23T15.37.43.249,6.955,-0.032,-0.020,-0.003
1679582263259,2023-03-23T15.37.43.259,6.965,-0.023,-0.035,-0.005
1679582263270,2023-03-23T15.37.43.270,6.976,-0.019,-0.044,-0.003
1679582263280,2023-03-23T15.37.43.280,6.986,-0.012,-0.049,-0.005
1679582263290,2023-03-23T15.37.43.290,6.996,-0.003,-0.056,0.002
1679582263299,2023-03-23T15.37.43.299,7.005,0.005,-0.064,-0.000
1679582263309,2023-03-23T15.37.43.309,7.015,0.013,-0.070,-0.021
1679582263319,2023-03-23T15.37.43.319,7.025,0.018,-0.081,-0.030
1679582263330,2023-03-23T15.37.43.330,7.036,0.018,-0.092,-0.027
1679582263340,2023-03-23T15.37.43.340,7.046,0.012,-0.100,-0.023
1679582263349,2023-03-23T15.37.43.349,7.055,0.009,-0.104,-0.022
1679582263359,2023-03-23T15.37.43.359,7.065,0.011,-0.109,-0.025
1679582263369,2023-03-23T15.37.43.369,7.075,0.005,-0.118,-0.042
1679582263379,2023-03-23T15.37.43.379,7.085,0.003,-0.130,-0.060
1679582263390,2023-03-23T15.37.43.390,7.096,0.016,-0.141,-0.071
1679582263398,2023-03-23T15.37.43.398,7.104,0.035,-0.156,-0.072
1679582263409,2023-03-23T15.37.43.409,7.115,0.056,-0.166,-0.072
1679582263419,2023-03-23T15.37.43.419,7.125,0.088,-0.176,-0.089
1679582263429,2023-03-23T15.37.43.429,7.135,0.122,-0.181,-0.107
1679582263439,2023-03-23T15.37.43.439,7.145,0.145,-0.175,-0.112
1679582263448,2023-03-23T15.37.43.448,7.154,0.158,-0.170,-0.105
1679582263459,2023-03-23T15.37.43.459,7.165,0.172,-0.151,-0.082
1679582263469,2023-03-23T15.37.43.469,7.175,0.187,-0.113,-0.084
1679582263479,2023-03-23T15.37.43.479,7.185,0.207,-0.086,-0.102
1679582263488,2023-03-23T15.37.43.488,7.194,0.197,-0.080,-0.099
1679582263498,2023-03-23T15.37.43.498,7.204,0.152,-0.075,-0.080
1679582263508,2023-03-23T15.37.43.508,7.214,0.128,-0.084,-0.043
1679582263519,2023-03-23T15.37.43.519,7.225,0.130,-0.088,0.004
1679582263529,2023-03-23T15.37.43.529,7.235,0.115,-0.051,0.005
1679582263538,2023-03-23T15.37.43.538,7.244,0.160,-0.013,-0.003
1679582263548,2023-03-23T15.37.43.548,7.254,0.209,0.002,-0.020
1679582263558,2023-03-23T15.37.43.558,7.264,0.246,-0.010,-0.049
1679582263568,2023-03-23T15.37.43.568,7.274,0.288,-0.046,-0.072
1679582263579,2023-03-23T15.37.43.579,7.285,0.315,-0.062,-0.090
1679582263587,2023-03-23T15.37.43.587,7.293,0.359,-0.098,-0.081
1679582263598,2023-03-23T15.37.43.598,7.304,0.378,-0.092,-0.043
1679582263608,2023-03-23T15.37.43.608,7.314,0.416,-0.079,-0.046
1679582263618,2023-03-23T15.37.43.618,7.324,0.495,-0.060,-0.039
1679582263628,2023-03-23T15.37.43.628,7.334,0.556,0.017,-0.094
1679582263637,2023-03-23T15.37.43.637,7.343,0.551,0.015,-0.007
1679582263647,2023-03-23T15.37.43.647,7.353,0.643,0.040,-0.018
1679582263658,2023-03-23T15.37.43.658,7.364,0.609,0.042,-0.014
1679582263668,2023-03-23T15.37.43.668,7.374,0.608,0.007,0.004
1679582263678,2023-03-23T15.37.43.678,7.384,0.588,-0.018,0.062
1679582263689,2023-03-23T15.37.43.689,7.395,0.580,0.094,0.023
1679582263697,2023-03-23T15.37.43.697,7.403,0.620,0.281,0.017
1679582263708,2023-03-23T15.37.43.708,7.414,0.497,0.285,-0.026
1679582263718,2023-03-23T15.37.43.718,7.424,0.263,0.339,-0.037
1679582263728,2023-03-23T15.37.43.728,7.434,0.122,0.414,0.095
1679582263737,2023-03-23T15.37.43.737,7.443,-0.088,0.400,0.086
1679582263747,2023-03-23T15.37.43.747,7.453,-0.212,0.422,0.029
1679582263757,2023-03-23T15.37.43.757,7.463,-0.377,0.305,-0.041
1679582263768,2023-03-23T15.37.43.768,7.474,-0.368,0.195,-0.084
1679582263776,2023-03-23T15.37.43.776,7.482,-0.253,0.103,-0.046
1679582263787,2023-03-23T15.37.43.787,7.493,-0.112,0.038,-0.078
1679582263797,2023-03-23T15.37.43.797,7.503,-0.003,-0.038,-0.073
1679582263807,2023-03-23T15.37.43.807,7.513,0.047,-0.108,0.028
1679582263817,2023-03-23T15.37.43.817,7.523,0.020,-0.068,0.088
1679582263826,2023-03-23T15.37.43.826,7.532,-0.119,-0.013,0.045
1679582263836,2023-03-23T15.37.43.836,7.542,-0.185,0.004,0.008
1679582263847,2023-03-23T15.37.43.847,7.553,-0.156,0.033,-0.001
1679582263857,2023-03-23T15.37.43.857,7.563,-0.187,0.089,0.018
1679582263867,2023-03-23T15.37.43.867,7.573,-0.379,0.074,0.009
1679582263876,2023-03-23T15.37.43.876,7.582,-0.546,0.062,0.031
1679582263886,2023-03-23T15.37.43.886,7.592,-0.551,0.119,0.073
1679582263897,2023-03-23T15.37.43.897,7.603,-0.457,0.172,0.052
1679582263907,2023-03-23T15.37.43.907,7.613,-0.319,0.197,0.098
1679582263917,2023-03-23T15.37.43.917,7.623,-0.303,0.189,0.143
1679582263927,2023-03-23T15.37.43.927,7.633,-0.296,0.165,0.184
1679582263936,2023-03-23T15.37.43.936,7.642,-0.358,0.150,0.240
1679582263946,2023-03-23T15.37.43.946,7.652,-0.497,0.142,0.315
1679582263957,2023-03-23T15.37.43.957,7.663,-0.590,0.208,0.339
1679582263967,2023-03-23T15.37.43.967,7.673,-0.642,0.268,0.344
1679582263976,2023-03-23T15.37.43.976,7.682,-0.607,0.279,0.342
1679582263986,2023-03-23T15.37.43.986,7.692,-0.508,0.310,0.342
1679582263996,2023-03-23T15.37.43.996,7.702,-0.467,0.321,0.401
1679582264006,2023-03-23T15.37.44.006,7.712,-0.471,0.346,0.432
1679582264015,2023-03-23T15.37.44.015,7.721,-0.459,0.414,0.433
1679582264025,2023-03-23T15.37.44.025,7.731,-0.479,0.476,0.445
1679582264036,2023-03-23T15.37.44.036,7.742,-0.478,0.509,0.464
1679582264046,2023-03-23T15.37.44.046,7.752,-0.484,0.521,0.483
1679582264056,2023-03-23T15.37.44.056,7.762,-0.545,0.508,0.496
1679582264065,2023-03-23T15.37.44.065,7.771,-0.598,0.494,0.461
1679582264075,2023-03-23T15.37.44.075,7.781,-0.629,0.443,0.414
1679582264085,2023-03-23T15.37.44.085,7.791,-0.592,0.348,0.343
1679582264096,2023-03-23T15.37.44.096,7.802,-0.522,0.248,0.282
1679582264106,2023-03-23T15.37.44.106,7.812,-0.462,0.126,0.249
1679582264115,2023-03-23T15.37.44.115,7.821,-0.428,0.030,0.231
1679582264125,2023-03-23T15.37.44.125,7.831,-0.409,0.017,0.204
1679582264135,2023-03-23T15.37.44.135,7.841,-0.413,0.068,0.168
1679582264146,2023-03-23T15.37.44.146,7.852,-0.481,0.108,0.171
1679582264156,2023-03-23T15.37.44.156,7.862,-0.548,0.145,0.168
1679582264166,2023-03-23T15.37.44.166,7.872,-0.578,0.193,0.183
1679582264175,2023-03-23T15.37.44.175,7.881,-0.598,0.180,0.144
1679582264185,2023-03-23T15.37.44.185,7.891,-0.566,0.163,0.111
1679582264195,2023-03-23T15.37.44.195,7.901,-0.498,0.137,0.137
1679582264206,2023-03-23T15.37.44.206,7.912,-0.501,0.118,0.082
1679582264214,2023-03-23T15.37.44.214,7.920,-0.507,0.076,0.036
1679582264225,2023-03-23T15.37.44.225,7.931,-0.532,0.009,0.063
1679582264235,2023-03-23T15.37.44.235,7.941,-0.570,-0.093,0.062
1679582264245,2023-03-23T15.37.44.245,7.951,-0.605,-0.122,0.087
1679582264255,2023-03-23T15.37.44.255,7.961,-0.693,-0.117,0.112
1679582264264,2023-03-23T15.37.44.264,7.970,-0.799,-0.131,0.148
1679582264274,2023-03-23T15.37.44.274,7.980,-0.883,-0.140,0.156
1679582264285,2023-03-23T15.37.44.285,7.991,-1.050,-0.188,0.190
1679582264295,2023-03-23T15.37.44.295,8.001,-1.195,-0.225,0.263
1679582264304,2023-03-23T15.37.44.304,8.010,-1.193,-0.225,0.304
1679582264314,2023-03-23T15.37.44.314,8.020,-1.219,-0.272,0.352
1679582264324,2023-03-23T15.37.44.324,8.030,-1.181,-0.232,0.603
1679582264335,2023-03-23T15.37.44.335,8.041,-1.191,-0.315,0.872
1679582264345,2023-03-23T15.37.44.345,8.051,-1.363,-0.393,0.627
1679582264354,2023-03-23T15.37.44.354,8.060,-1.559,-0.336,0.139
1679582264364,2023-03-23T15.37.44.364,8.070,-1.564,-0.061,0.213
1679582264374,2023-03-23T15.37.44.374,8.080,-1.310,0.156,0.475
1679582264384,2023-03-23T15.37.44.384,8.090,-0.509,0.037,0.130
1679582264395,2023-03-23T15.37.44.395,8.101,0.799,-0.232,-0.621
1679582264405,2023-03-23T15.37.44.405,8.111,1.037,-0.789,-0.690
1679582264414,2023-03-23T15.37.44.414,8.120,1.728,-1.696,0.315
1679582264424,2023-03-23T15.37.44.424,8.130,2.272,-2.686,0.317
1679582264434,2023-03-23T15.37.44.434,8.140,0.546,-2.970,-0.959
1679582264444,2023-03-23T15.37.44.444,8.150,0.179,-1.396,-1.186
1679582264453,2023-03-23T15.37.44.453,8.159,1.403,0.750,-0.702
1679582264463,2023-03-23T15.37.44.463,8.169,1.492,1.313,-0.480
1679582264474,2023-03-23T15.37.44.474,8.180,1.302,1.988,-0.220
1679582264484,2023-03-23T15.37.44.484,8.190,1.330,2.087,0.329
1679582264494,2023-03-23T15.37.44.494,8.200,1.317,1.320,-0.252
1679582264503,2023-03-23T15.37.44.503,8.209,1.455,0.855,-0.136
1679582264513,2023-03-23T15.37.44.513,8.219,0.746,0.683,0.031
1679582264523,2023-03-23T15.37.44.523,8.229,0.092,0.489,-0.063
1679582264534,2023-03-23T15.37.44.534,8.240,0.670,0.126,-0.029
1679582264543,2023-03-23T15.37.44.543,8.249,1.045,-0.027,-0.001
1679582264553,2023-03-23T15.37.44.553,8.259,1.100,-0.269,-0.037
1679582264563,2023-03-23T15.37.44.563,8.269,1.141,-0.450,-0.107
1679582264573,2023-03-23T15.37.44.573,8.279,1.298,-0.491,-0.225
1679582264584,2023-03-23T15.37.44.584,8.290,1.446,-0.379,-0.193
1679582264592,2023-03-23T15.37.44.592,8.298,1.502,-0.077,-0.089
1679582264603,2023-03-23T15.37.44.603,8.309,1.490,0.168,-0.125
1679582264613,2023-03-23T15.37.44.613,8.319,1.342,0.105,-0.224
1679582264623,2023-03-23T15.37.44.623,8.329,1.119,0.134,-0.188
1679582264633,2023-03-23T15.37.44.633,8.339,0.923,0.244,-0.114
1679582264642,2023-03-23T15.37.44.642,8.348,0.704,0.341,-0.036
1679582264654,2023-03-23T15.37.44.654,8.360,0.505,0.467,0.012
1679582264663,2023-03-23T15.37.44.663,8.369,0.449,0.506,-0.008
1679582264673,2023-03-23T15.37.44.673,8.379,0.585,0.429,-0.035
1679582264683,2023-03-23T15.37.44.683,8.389,0.758,0.373,-0.029
1679582264692,2023-03-23T15.37.44.692,8.398,0.903,0.345,-0.047
1679582264702,2023-03-23T15.37.44.702,8.408,1.008,0.335,-0.071
1679582264712,2023-03-23T15.37.44.712,8.418,1.029,0.342,-0.082
1679582264723,2023-03-23T15.37.44.723,8.429,1.021,0.361,-0.117
1679582264733,2023-03-23T15.37.44.733,8.439,1.005,0.381,-0.149
1679582264742,2023-03-23T15.37.44.742,8.448,0.974,0.372,-0.154
1679582264752,2023-03-23T15.37.44.752,8.458,0.938,0.349,-0.126
1679582264762,2023-03-23T15.37.44.762,8.468,0.914,0.329,-0.111
1679582264772,2023-03-23T15.37.44.772,8.478,0.898,0.301,-0.118
1679582264783,2023-03-23T15.37.44.783,8.489,0.883,0.279,-0.122
1679582264792,2023-03-23T15.37.44.792,8.498,0.870,0.266,-0.124
1679582264802,2023-03-23T15.37.44.802,8.508,0.867,0.240,-0.135
1679582264812,2023-03-23T15.37.44.812,8.518,0.874,0.201,-0.160
1679582264822,2023-03-23T15.37.44.822,8.528,0.862,0.169,-0.167
1679582264831,2023-03-23T15.37.44.831,8.537,0.838,0.126,-0.132
1679582264841,2023-03-23T15.37.44.841,8.547,0.827,0.065,-0.101
1679582264852,2023-03-23T15.37.44.852,8.558,0.824,-0.016,-0.147
1679582264862,2023-03-23T15.37.44.862,8.568,0.836,-0.099,-0.301
1679582264872,2023-03-23T15.37.44.872,8.578,0.888,-0.166,-0.445
1679582264881,2023-03-23T15.37.44.881,8.587,0.938,-0.284,-0.575
1679582264893,2023-03-23T15.37.44.893,8.599,0.888,-0.422,-0.468
1679582264901,2023-03-23T15.37.44.901,8.607,0.903,-0.428,-0.183
1679582264912,2023-03-23T15.37.44.912,8.618,1.091,-0.182,-0.014
1679582264922,2023-03-23T15.37.44.922,8.628,1.249,-0.030,-0.105
1679582264931,2023-03-23T15.37.44.931,8.637,1.219,0.057,-0.285
1679582264941,2023-03-23T15.37.44.941,8.647,0.778,-0.227,-0.431
1679582264951,2023-03-23T15.37.44.951,8.657,0.440,-0.818,-0.599
1679582264961,2023-03-23T15.37.44.961,8.667,0.054,-1.535,-0.488
1679582264972,2023-03-23T15.37.44.972,8.678,-0.338,-2.360,0.345
1679582264980,2023-03-23T15.37.44.980,8.686,-2.567,-1.351,1.690
1679582264991,2023-03-23T15.37.44.991,8.697,-4.610,0.216,2.108
1679582265001,2023-03-23T15.37.45.001,8.707,-2.356,0.753,0.170
1679582265011,2023-03-23T15.37.45.011,8.717,-1.225,0.896,-0.437
1679582265022,2023-03-23T15.37.45.022,8.728,-1.298,0.614,0.605
1679582265030,2023-03-23T15.37.45.030,8.736,-0.918,0.921,0.419
1679582265041,2023-03-23T15.37.45.041,8.747,-0.799,0.736,0.559
1679582265051,2023-03-23T15.37.45.051,8.757,-1.055,0.719,0.151
1679582265061,2023-03-23T15.37.45.061,8.767,-0.693,0.743,0.133
1679582265070,2023-03-23T15.37.45.070,8.776,-0.632,0.568,0.281
1679582265080,2023-03-23T15.37.45.080,8.786,-0.909,0.379,0.220
1679582265090,2023-03-23T15.37.45.090,8.796,-0.927,0.112,0.344
1679582265101,2023-03-23T15.37.45.101,8.807,-1.132,0.017,0.479
1679582265111,2023-03-23T15.37.45.111,8.817,-1.208,0.183,0.414
1679582265120,2023-03-23T15.37.45.120,8.826,-0.734,0.417,0.465
1679582265131,2023-03-23T15.37.45.131,8.837,-0.479,0.605,0.504
1679582265140,2023-03-23T15.37.45.140,8.846,-0.434,0.641,0.332
1679582265150,2023-03-23T15.37.45.150,8.856,-0.364,0.512,0.060
1679582265161,2023-03-23T15.37.45.161,8.867,-0.249,0.295,0.007
1679582265169,2023-03-23T15.37.45.169,8.875,-0.187,0.129,0.224
1679582265180,2023-03-23T15.37.45.180,8.886,-0.367,0.128,0.405
1679582265190,2023-03-23T15.37.45.190,8.896,-0.640,0.263,0.361
1679582265200,2023-03-23T15.37.45.200,8.906,-0.764,0.397,0.339
1679582265210,2023-03-23T15.37.45.210,8.916,-0.644,0.363,0.297
1679582265219,2023-03-23T15.37.45.219,8.925,-0.474,0.244,0.296
1679582265230,2023-03-23T15.37.45.230,8.936,-0.384,0.211,0.332
1679582265240,2023-03-23T15.37.45.240,8.946,-0.407,0.269,0.313
1679582265250,2023-03-23T15.37.45.250,8.956,-0.447,0.310,0.275
1679582265260,2023-03-23T15.37.45.260,8.966,-0.496,0.332,0.237
1679582265269,2023-03-23T15.37.45.269,8.975,-0.536,0.327,0.211
1679582265279,2023-03-23T15.37.45.279,8.985,-0.530,0.276,0.199
1679582265290,2023-03-23T15.37.45.290,8.996,-0.521,0.204,0.216
1679582265300,2023-03-23T15.37.45.300,9.006,-0.518,0.141,0.224
1679582265310,2023-03-23T15.37.45.310,9.016,-0.494,0.111,0.229
1679582265319,2023-03-23T15.37.45.319,9.025,-0.449,0.097,0.224
1679582265329,2023-03-23T15.37.45.329,9.035,-0.407,0.094,0.205
1679582265339,2023-03-23T15.37.45.339,9.045,-0.403,0.113,0.211
1679582265350,2023-03-23T15.37.45.350,9.056,-0.396,0.145,0.217
1679582265358,2023-03-23T15.37.45.358,9.064,-0.382,0.152,0.193
1679582265369,2023-03-23T15.37.45.369,9.075,-0.373,0.166,0.168
1679582265379,2023-03-23T15.37.45.379,9.085,-0.300,0.185,0.148
1679582265389,2023-03-23T15.37.45.389,9.095,-0.252,0.168,0.122
1679582265399,2023-03-23T15.37.45.399,9.105,-0.243,0.142,0.111
1679582265408,2023-03-23T15.37.45.408,9.114,-0.225,0.146,0.106
1679582265418,2023-03-23T15.37.45.418,9.124,-0.244,0.161,0.149
1679582265429,2023-03-23T15.37.45.429,9.135,-0.279,0.159,0.199
1679582265439,2023-03-23T15.37.45.439,9.145,-0.309,0.183,0.207
1679582265449,2023-03-23T15.37.45.449,9.155,-0.273,0.201,0.202
1679582265460,2023-03-23T15.37.45.460,9.166,-0.229,0.195,0.156
1679582265468,2023-03-23T15.37.45.468,9.174,-0.211,0.180,0.102
1679582265479,2023-03-23T15.37.45.479,9.185,-0.182,0.152,0.113
1679582265489,2023-03-23T15.37.45.489,9.195,-0.171,0.096,0.112
1679582265499,2023-03-23T15.37.45.499,9.205,-0.185,0.072,0.069
1679582265508,2023-03-23T15.37.45.508,9.214,-0.169,0.056,0.043
1679582265518,2023-03-23T15.37.45.518,9.224,-0.164,0.003,0.002
1679582265528,2023-03-23T15.37.45.528,9.234,-0.157,-0.071,-0.040
1679582265539,2023-03-23T15.37.45.539,9.245,-0.125,-0.072,-0.038
1679582265549,2023-03-23T15.37.45.549,9.255,-0.090,-0.063,-0.076
1679582265558,2023-03-23T15.37.45.558,9.264,-0.007,-0.087,-0.190
1679582265568,2023-03-23T15.37.45.568,9.274,0.156,-0.057,-0.170
1679582265578,2023-03-23T15.37.45.578,9.284,0.258,0.007,-0.152
1679582265588,2023-03-23T15.37.45.588,9.294,0.380,0.049,-0.148
1679582265599,2023-03-23T15.37.45.599,9.305,0.546,0.070,-0.104
1679582265607,2023-03-23T15.37.45.607,9.313,0.638,0.139,-0.096
1679582265618,2023-03-23T15.37.45.618,9.324,0.692,0.211,-0.219
1679582265628,2023-03-23T15.37.45.628,9.334,0.763,0.268,-0.213
1679582265638,2023-03-23T15.37.45.638,9.344,0.814,0.318,-0.209
1679582265647,2023-03-23T15.37.45.647,9.353,0.852,0.331,-0.255
1679582265657,2023-03-23T15.37.45.657,9.363,0.895,0.261,-0.326
1679582265668,2023-03-23T15.37.45.668,9.374,0.822,0.092,-0.408
1679582265678,2023-03-23T15.37.45.678,9.384,0.623,-0.064,-0.474
1679582265688,2023-03-23T15.37.45.688,9.394,0.545,-0.168,-0.513
1679582265698,2023-03-23T15.37.45.698,9.404,0.580,-0.326,-0.463
1679582265707,2023-03-23T15.37.45.707,9.413,0.432,-0.566,-0.149
1679582265717,2023-03-23T15.37.45.717,9.423,0.336,-0.650,0.019
1679582265728,2023-03-23T15.37.45.728,9.434,0.287,-0.644,0.025
1679582265738,2023-03-23T15.37.45.738,9.444,0.087,-0.651,-0.022
1679582265747,2023-03-23T15.37.45.747,9.453,-0.179,-0.554,-0.209
1679582265757,2023-03-23T15.37.45.757,9.463,-0.212,-0.309,-0.459
1679582265767,2023-03-23T15.37.45.767,9.473,-0.097,-0.133,-0.456
1679582265777,2023-03-23T15.37.45.777,9.483,-0.031,-0.043,-0.196
1679582265788,2023-03-23T15.37.45.788,9.494,0.013,0.049,-0.008
1679582265796,2023-03-23T15.37.45.796,9.502,0.019,0.132,0.002
1679582265807,2023-03-23T15.37.45.807,9.513,0.067,0.138,-0.019
1679582265817,2023-03-23T15.37.45.817,9.523,0.132,0.075,-0.042
1679582265827,2023-03-23T15.37.45.827,9.533,0.114,-0.002,-0.019
1679582265837,2023-03-23T15.37.45.837,9.543,0.125,-0.050,0.008
1679582265846,2023-03-23T15.37.45.846,9.552,0.140,-0.061,0.021
1679582265856,2023-03-23T15.37.45.856,9.562,0.096,-0.077,-0.012
1679582265867,2023-03-23T15.37.45.867,9.573,0.036,-0.074,-0.046
1679582265877,2023-03-23T15.37.45.877,9.583,-0.043,-0.073,-0.061
1679582265886,2023-03-23T15.37.45.886,9.592,-0.112,-0.061,-0.056
1679582265896,2023-03-23T15.37.45.896,9.602,-0.125,0.002,-0.030
1679582265906,2023-03-23T15.37.45.906,9.612,-0.103,0.037,-0.049
1679582265917,2023-03-23T15.37.45.917,9.623,-0.066,0.055,-0.034
1679582265927,2023-03-23T15.37.45.927,9.633,-0.009,0.041,-0.030
1679582265937,2023-03-23T15.37.45.937,9.643,0.046,0.046,-0.010
1679582265946,2023-03-23T15.37.45.946,9.652,0.064,0.071,-0.014
1679582265956,2023-03-23T15.37.45.956,9.662,0.052,0.085,-0.052
1679582265966,2023-03-23T15.37.45.966,9.672,0.023,0.085,-0.050
1679582265977,2023-03-23T15.37.45.977,9.683,-0.007,0.081,-0.023
1679582265985,2023-03-23T15.37.45.985,9.691,-0.045,0.080,-0.029
1679582265996,2023-03-23T15.37.45.996,9.702,-0.056,0.060,-0.052
1679582266006,2023-03-23T15.37.46.006,9.712,-0.063,0.003,-0.044
1679582266016,2023-03-23T15.37.46.016,9.722,-0.057,-0.043,-0.015
1679582266026,2023-03-23T15.37.46.026,9.732,-0.038,-0.053,-0.004
1679582266035,2023-03-23T15.37.46.035,9.741,-0.012,-0.035,-0.023
1679582266045,2023-03-23T15.37.46.045,9.751,0.006,-0.015,-0.039
1679582266056,2023-03-23T15.37.46.056,9.762,0.026,0.010,-0.043
1679582266066,2023-03-23T15.37.46.066,9.772,0.030,0.041,-0.039
1679582266076,2023-03-23T15.37.46.076,9.782,0.013,0.060,-0.027
1679582266085,2023-03-23T15.37.46.085,9.791,-0.011,0.076,-0.039
1679582266095,2023-03-23T15.37.46.095,9.801,-0.031,0.072,-0.047
1679582266105,2023-03-23T15.37.46.105,9.811,-0.056,0.056,-0.036
1679582266116,2023-03-23T15.37.46.116,9.822,-0.073,0.031,-0.036
1679582266126,2023-03-23T15.37.46.126,9.832,-0.069,0.003,-0.047
1679582266135,2023-03-23T15.37.46.135,9.841,-0.053,-0.017,-0.055
1679582266145,2023-03-23T15.37.46.145,9.851,-0.029,-0.035,-0.067
1679582266155,2023-03-23T15.37.46.155,9.861,-0.005,-0.045,-0.047
1679582266166,2023-03-23T15.37.46.166,9.872,-0.010,-0.036,-0.023
1679582266174,2023-03-23T15.37.46.174,9.880,-0.022,-0.008,-0.022
1679582266186,2023-03-23T15.37.46.186,9.892,-0.027,0.025,-0.024
1679582266195,2023-03-23T15.37.46.195,9.901,-0.022,0.048,-0.037
1679582266205,2023-03-23T15.37.46.205,9.911,-0.025,0.056,-0.048
1679582266215,2023-03-23T15.37.46.215,9.921,-0.029,0.065,-0.066
1679582266224,2023-03-23T15.37.46.224,9.930,-0.021,0.074,-0.076
1679582266234,2023-03-23T15.37.46.234,9.940,-0.014,0.073,-0.075
1679582266245,2023-03-23T15.37.46.245,9.951,-0.008,0.065,-0.063
1679582266255,2023-03-23T15.37.46.255,9.961,-0.010,0.059,-0.059
1679582266265,2023-03-23T15.37.46.265,9.971,-0.012,0.056,-0.066
1679582266274,2023-03-23T15.37.46.274,9.980,-0.018,-0.006,-0.008
1679582266284,2023-03-23T15.37.46.284,9.990,-0.050,-0.017,-0.007
1679582266294,2023-03-23T15.37.46.294,10.000,-0.081,-0.036,-0.010
1679582266305,2023-03-23T15.37.46.305,10.011,-0.096,-0.049,-0.015
1679582266315,2023-03-23T15.37.46.315,10.021,-0.091,-0.067,-0.019
1679582266324,2023-03-23T15.37.46.324,10.030,-0.084,-0.092,-0.007
1679582266334,2023-03-23T15.37.46.334,10.040,-0.059,-0.110,0.001
1679582266344,2023-03-23T15.37.46.344,10.050,-0.026,-0.109,-0.002
1679582266355,2023-03-23T15.37.46.355,10.061,0.002,-0.100,0.001
1679582266365,2023-03-23T15.37.46.365,10.071,0.020,-0.100,0.003
1679582266374,2023-03-23T15.37.46.374,10.080,0.028,-0.097,0.013
1679582266384,2023-03-23T15.37.46.384,10.090,0.029,-0.091,0.022
1679582266394,2023-03-23T15.37.46.394,10.100,0.025,-0.087,0.011
1679582266404,2023-03-23T15.37.46.404,10.110,0.012,-0.092,0.007
1679582266415,2023-03-23T15.37.46.415,10.121,-0.003,-0.096,0.020
1679582266425,2023-03-23T15.37.46.425,10.131,-0.017,-0.088,0.032
1679582266434,2023-03-23T15.37.46.434,10.140,-0.011,-0.068,0.002
1679582266444,2023-03-23T15.37.46.444,10.150,0.001,-0.047,-0.023
1679582266454,2023-03-23T15.37.46.454,10.160,-0.008,-0.024,-0.016
1679582266464,2023-03-23T15.37.46.464,10.170,-0.015,-0.021,0.011
1679582266473,2023-03-23T15.37.46.473,10.179,-0.031,-0.024,0.018
1679582266483,2023-03-23T15.37.46.483,10.189,-0.037,-0.021,0.011
1679582266494,2023-03-23T15.37.46.494,10.200,-0.039,-0.017,0.010
1679582266504,2023-03-23T15.37.46.504,10.210,-0.045,-0.014,0.014
1679582266513,2023-03-23T15.37.46.513,10.219,-0.035,-0.012,0.008
1679582266523,2023-03-23T15.37.46.523,10.229,-0.030,-0.008,-0.003
1679582266533,2023-03-23T15.37.46.533,10.239,-0.030,0.004,0.020
1679582266543,2023-03-23T15.37.46.543,10.249,-0.059,0.011,0.005
1679582266554,2023-03-23T15.37.46.554,10.260,-0.066,0.023,-0.042
1679582266563,2023-03-23T15.37.46.563,10.269,-0.042,0.025,-0.061
1679582266573,2023-03-23T15.37.46.573,10.279,-0.058,0.002,-0.041
1679582266583,2023-03-23T15.37.46.583,10.289,-0.098,-0.026,0.006
1679582266593,2023-03-23T15.37.46.593,10.299,-0.105,-0.030,-0.003
1679582266604,2023-03-23T15.37.46.604,10.310,-0.084,-0.012,-0.022
1679582266612,2023-03-23T15.37.46.612,10.318,-0.093,-0.007,-0.050
1679582266623,2023-03-23T15.37.46.623,10.329,-0.078,-0.040,-0.052
1679582266633,2023-03-23T15.37.46.633,10.339,-0.084,-0.095,-0.001
1679582266643,2023-03-23T15.37.46.643,10.349,-0.121,-0.141,0.058
1679582266653,2023-03-23T15.37.46.653,10.359,-0.126,-0.173,0.028
1679582266664,2023-03-23T15.37.46.664,10.370,-0.086,-0.202,0.002
1679582266672,2023-03-23T15.37.46.672,10.378,-0.034,-0.237,0.007
1679582266683,2023-03-23T15.37.46.683,10.389,0.004,-0.263,0.013
1679582266693,2023-03-23T15.37.46.693,10.399,0.024,-0.259,0.022
1679582266703,2023-03-23T15.37.46.703,10.409,0.043,-0.228,0.017
1679582266712,2023-03-23T15.37.46.712,10.418,0.060,-0.195,0.014
1679582266722,2023-03-23T15.37.46.722,10.428,0.077,-0.167,0.011
1679582266732,2023-03-23T15.37.46.732,10.438,0.080,-0.142,0.009
1679582266743,2023-03-23T15.37.46.743,10.449,0.069,-0.127,0.016
1679582266751,2023-03-23T15.37.46.751,10.457,0.050,-0.103,0.011
1679582266762,2023-03-23T15.37.46.762,10.468,0.050,-0.087,0.001
1679582266772,2023-03-23T15.37.46.772,10.478,0.053,-0.075,-0.013
1679582266782,2023-03-23T15.37.46.782,10.488,0.053,-0.065,-0.009
1679582266793,2023-03-23T15.37.46.793,10.499,0.050,-0.063,-0.005
1679582266801,2023-03-23T15.37.46.801,10.507,0.046,-0.066,-0.000
1679582266812,2023-03-23T15.37.46.812,10.518,0.043,-0.075,0.013
1679582266822,2023-03-23T15.37.46.822,10.528,0.041,-0.088,0.035
1679582266832,2023-03-23T15.37.46.832,10.538,0.039,-0.093,0.051
1679582266842,2023-03-23T15.37.46.842,10.548,0.041,-0.093,0.063
1679582266851,2023-03-23T15.37.46.851,10.557,0.044,-0.098,0.068
1679582266861,2023-03-23T15.37.46.861,10.567,0.049,-0.094,0.077
1679582266872,2023-03-23T15.37.46.872,10.578,0.046,-0.082,0.078
1679582266882,2023-03-23T15.37.46.882,10.588,0.034,-0.075,0.076
1679582266892,2023-03-23T15.37.46.892,10.598,0.024,-0.065,0.071
1679582266901,2023-03-23T15.37.46.901,10.607,0.012,-0.057,0.069
1679582266911,2023-03-23T15.37.46.911,10.617,-0.004,-0.050,0.079
1679582266921,2023-03-23T15.37.46.921,10.627,-0.022,-0.043,0.084
1679582266932,2023-03-23T15.37.46.932,10.638,-0.038,-0.035,0.088
1679582266942,2023-03-23T15.37.46.942,10.648,-0.050,-0.032,0.092
1679582266951,2023-03-23T15.37.46.951,10.657,-0.057,-0.038,0.095
1679582266961,2023-03-23T15.37.46.961,10.667,-0.061,-0.063,0.091
1679582266971,2023-03-23T15.37.46.971,10.677,-0.055,-0.077,0.082
1679582266981,2023-03-23T15.37.46.981,10.687,-0.048,-0.096,0.080
1679582266992,2023-03-23T15.37.46.992,10.698,-0.034,-0.113,0.075
1679582267001,2023-03-23T15.37.47.001,10.707,-0.018,-0.122,0.079
1679582267011,2023-03-23T15.37.47.011,10.717,0.004,-0.121,0.083
1679582267021,2023-03-23T15.37.47.021,10.727,0.012,-0.128,0.067
1679582267031,2023-03-23T15.37.47.031,10.737,0.014,-0.130,0.066
1679582267040,2023-03-23T15.37.47.040,10.746,0.023,-0.126,0.075
1679582267050,2023-03-23T15.37.47.050,10.756,0.040,-0.135,0.083
1679582267061,2023-03-23T15.37.47.061,10.767,0.051,-0.135,0.072
1679582267071,2023-03-23T15.37.47.071,10.777,0.058,-0.131,0.059
1679582267081,2023-03-23T15.37.47.081,10.787,0.062,-0.135,0.054
1679582267090,2023-03-23T15.37.47.090,10.796,0.063,-0.141,0.043
1679582267100,2023-03-23T15.37.47.100,10.806,0.060,-0.150,0.031
1679582267110,2023-03-23T15.37.47.110,10.816,0.063,-0.159,0.013
1679582267121,2023-03-23T15.37.47.121,10.827,0.065,-0.161,0.009
1679582267131,2023-03-23T15.37.47.131,10.837,0.062,-0.161,0.016
1679582267140,2023-03-23T15.37.47.140,10.846,0.059,-0.162,0.014
1679582267150,2023-03-23T15.37.47.150,10.856,0.056,-0.160,0.008
1679582267160,2023-03-23T15.37.47.160,10.866,0.051,-0.150,0.004
1679582267170,2023-03-23T15.37.47.170,10.876,0.044,-0.138,0.006
1679582267181,2023-03-23T15.37.47.181,10.887,0.038,-0.118,0.006
1679582267189,2023-03-23T15.37.47.189,10.895,0.027,-0.111,0.004
1679582267200,2023-03-23T15.37.47.200,10.906,0.020,-0.106,0.015
1679582267210,2023-03-23T15.37.47.210,10.916,0.014,-0.097,0.022
1679582267220,2023-03-23T15.37.47.220,10.926,0.010,-0.084,0.021
1679582267230,2023-03-23T15.37.47.230,10.936,0.006,-0.078,0.016
1679582267239,2023-03-23T15.37.47.239,10.945,0.009,-0.065,0.016
1679582267250,2023-03-23T15.37.47.250,10.956,0.007,-0.061,0.011
1679582267260,2023-03-23T15.37.47.260,10.966,0.003,-0.055,0.012
1679582267270,2023-03-23T15.37.47.270,10.976,0.002,-0.046,0.019
1679582267279,2023-03-23T15.37.47.279,10.985,0.001,-0.037,0.023
1679582267289,2023-03-23T15.37.47.289,10.995,0.006,-0.038,0.023
1679582267299,2023-03-23T15.37.47.299,11.005,0.012,-0.036,0.025
1679582267310,2023-03-23T15.37.47.310,11.016,0.014,-0.037,0.030
1679582267320,2023-03-23T15.37.47.320,11.026,0.010,-0.032,0.038
1679582267329,2023-03-23T15.37.47.329,11.035,0.003,-0.029,0.046
1679582267339,2023-03-23T15.37.47.339,11.045,-0.005,-0.028,0.046
1679582267349,2023-03-23T15.37.47.349,11.055,-0.008,-0.029,0.042
1679582267359,2023-03-23T15.37.47.359,11.065,-0.008,-0.025,0.037
1679582267370,2023-03-23T15.37.47.370,11.076,-0.011,-0.025,0.042
1679582267378,2023-03-23T15.37.47.378,11.084,-0.010,-0.027,0.040
1679582267390,2023-03-23T15.37.47.390,11.096,-0.011,-0.026,0.035
1679582267399,2023-03-23T15.37.47.399,11.105,-0.010,-0.022,0.041
1679582267409,2023-03-23T15.37.47.409,11.115,-0.007,-0.025,0.043
1679582267419,2023-03-23T15.37.47.419,11.125,-0.011,-0.012,0.039
1679582267428,2023-03-23T15.37.47.428,11.134,-0.008,0.003,0.024
1679582267439,2023-03-23T15.37.47.439,11.145,-0.005,0.005,0.021
1679582267449,2023-03-23T15.37.47.449,11.155,0.004,0.004,0.014
1679582267459,2023-03-23T15.37.47.459,11.165,0.012,0.003,0.008
1679582267469,2023-03-23T15.37.47.469,11.175,0.018,-0.004,0.007
1679582267478,2023-03-23T15.37.47.478,11.184,0.023,-0.013,0.016
1679582267488,2023-03-23T15.37.47.488,11.194,0.023,-0.022,0.018
1679582267499,2023-03-23T15.37.47.499,11.205,0.014,-0.040,0.014
1679582267509,2023-03-23T15.37.47.509,11.215,0.006,-0.057,0.013
1679582267519,2023-03-23T15.37.47.519,11.225,0.001,-0.073,0.012
1679582267528,2023-03-23T15.37.47.528,11.234,0.006,-0.089,0.010
1679582267538,2023-03-23T15.37.47.538,11.244,0.006,-0.102,0.014
1679582267548,2023-03-23T15.37.47.548,11.254,-0.004,-0.117,0.018
1679582267559,2023-03-23T15.37.47.559,11.265,-0.020,-0.126,0.025
1679582267567,2023-03-23T15.37.47.567,11.273,-0.035,-0.134,0.030
1679582267578,2023-03-23T15.37.47.578,11.284,-0.037,-0.139,0.026
1679582267588,2023-03-23T15.37.47.588,11.294,-0.032,-0.146,0.028
1679582267598,2023-03-23T15.37.47.598,11.304,-0.026,-0.152,0.021
1679582267608,2023-03-23T15.37.47.608,11.314,-0.012,-0.166,0.008
1679582267617,2023-03-23T15.37.47.617,11.323,-0.000,-0.184,0.005
1679582267627,2023-03-23T15.37.47.627,11.333,-0.007,-0.202,0.037
1679582267638,2023-03-23T15.37.47.638,11.344,-0.035,-0.212,0.058
1679582267648,2023-03-23T15.37.47.648,11.354,-0.053,-0.202,0.042
1679582267658,2023-03-23T15.37.47.658,11.364,-0.060,-0.193,0.025
1679582267667,2023-03-23T15.37.47.667,11.373,-0.052,-0.178,0.005
1679582267677,2023-03-23T15.37.47.677,11.383,-0.043,-0.147,-0.004
1679582267688,2023-03-23T15.37.47.688,11.394,-0.040,-0.129,0.003
1679582267698,2023-03-23T15.37.47.698,11.404,-0.025,-0.116,-0.010
1679582267708,2023-03-23T15.37.47.708,11.414,-0.007,-0.107,-0.040
1679582267718,2023-03-23T15.37.47.718,11.424,-0.000,-0.102,-0.051
1679582267727,2023-03-23T15.37.47.727,11.433,-0.002,-0.093,-0.042
1679582267737,2023-03-23T15.37.47.737,11.443,-0.003,-0.077,-0.029
1679582267748,2023-03-23T15.37.47.748,11.454,-0.001,-0.056,-0.022
1679582267758,2023-03-23T15.37.47.758,11.464,0.003,-0.041,-0.041
1679582267767,2023-03-23T15.37.47.767,11.473,0.004,-0.027,-0.051
1679582267777,2023-03-23T15.37.47.777,11.483,-0.021,-0.021,-0.058
1679582267787,2023-03-23T15.37.47.787,11.493,-0.045,-0.017,-0.055
1679582267797,2023-03-23T15.37.47.797,11.503,-0.045,-0.010,-0.034
1679582267806,2023-03-23T15.37.47.806,11.512,-0.039,-0.007,-0.030
1679582267816,2023-03-23T15.37.47.816,11.522,-0.030,-0.005,-0.042
1679582267827,2023-03-23T15.37.47.827,11.533,-0.021,-0.004,-0.048
1679582267837,2023-03-23T15.37.47.837,11.543,-0.023,-0.005,-0.046
1679582267847,2023-03-23T15.37.47.847,11.553,-0.023,-0.013,-0.061
1679582267856,2023-03-23T15.37.47.856,11.562,-0.025,-0.024,-0.059
1679582267866,2023-03-23T15.37.47.866,11.572,-0.024,-0.035,-0.053
1679582267876,2023-03-23T15.37.47.876,11.582,-0.025,-0.050,-0.044
1679582267887,2023-03-23T15.37.47.887,11.593,-0.025,-0.056,-0.028
1679582267897,2023-03-23T15.37.47.897,11.603,-0.021,-0.060,-0.051
1679582267906,2023-03-23T15.37.47.906,11.612,-0.012,-0.071,-0.062
1679582267916,2023-03-23T15.37.47.916,11.622,-0.008,-0.084,-0.052
1679582267926,2023-03-23T15.37.47.926,11.632,0.002,-0.102,-0.037
1679582267937,2023-03-23T15.37.47.937,11.643,-0.010,-0.126,-0.039
1679582267947,2023-03-23T15.37.47.947,11.653,0.047,-0.126,-0.029
1679582267957,2023-03-23T15.37.47.957,11.663,0.005,-0.107,0.015
1679582267966,2023-03-23T15.37.47.966,11.672,0.018,-0.158,-0.071
1679582267976,2023-03-23T15.37.47.976,11.682,0.010,-0.165,-0.016
1679582267986,2023-03-23T15.37.47.986,11.692,0.004,-0.165,-0.004
1679582267997,2023-03-23T15.37.47.997,11.703,0.005,-0.168,-0.013
1679582268005,2023-03-23T15.37.48.005,11.711,0.009,-0.172,-0.018
1679582268016,2023-03-23T15.37.48.016,11.722,0.014,-0.176,-0.011
1679582268026,2023-03-23T15.37.48.026,11.732,0.018,-0.173,-0.007
1679582268036,2023-03-23T15.37.48.036,11.742,0.030,-0.174,-0.019
1679582268046,2023-03-23T15.37.48.046,11.752,0.014,-0.172,-0.023
1679582268055,2023-03-23T15.37.48.055,11.761,0.034,-0.150,-0.032
1679582268065,2023-03-23T15.37.48.065,11.771,-0.027,-0.139,-0.006
1679582268076,2023-03-23T15.37.48.076,11.782,-0.069,-0.120,-0.045
1679582268086,2023-03-23T15.37.48.086,11.792,-0.035,-0.095,-0.044
1679582268095,2023-03-23T15.37.48.095,11.801,0.011,-0.068,-0.030
1679582268105,2023-03-23T15.37.48.105,11.811,0.033,-0.053,-0.012
1679582268115,2023-03-23T15.37.48.115,11.821,0.064,-0.033,-0.026
1679582268126,2023-03-23T15.37.48.126,11.832,0.072,-0.025,-0.004
1679582268136,2023-03-23T15.37.48.136,11.842,0.047,-0.037,0.010
1679582268145,2023-03-23T15.37.48.145,11.851,0.000,-0.036,-0.020
1679582268155,2023-03-23T15.37.48.155,11.861,-0.064,-0.029,-0.011
1679582268165,2023-03-23T15.37.48.165,11.871,-0.078,0.002,-0.013
1679582268175,2023-03-23T15.37.48.175,11.881,-0.081,0.040,-0.028
1679582268186,2023-03-23T15.37.48.186,11.892,-0.084,0.037,-0.025
1679582268196,2023-03-23T15.37.48.196,11.902,-0.077,0.032,-0.018
1679582268205,2023-03-23T15.37.48.205,11.911,-0.053,0.026,-0.008
1679582268215,2023-03-23T15.37.48.215,11.921,-0.038,0.028,0.010
1679582268225,2023-03-23T15.37.48.225,11.931,-0.025,0.044,0.015
1679582268235,2023-03-23T15.37.48.235,11.941,-0.033,0.036,0.025
1679582268244,2023-03-23T15.37.48.244,11.950,-0.019,0.027,0.045
1679582268254,2023-03-23T15.37.48.254,11.960,-0.026,0.031,0.057
1679582268265,2023-03-23T15.37.48.265,11.971,-0.042,0.039,0.026
1679582268275,2023-03-23T15.37.48.275,11.981,-0.003,0.031,0.025
1679582268285,2023-03-23T15.37.48.285,11.991,0.002,0.040,0.047
1679582268294,2023-03-23T15.37.48.294,12.000,-0.018,0.020,0.015
1679582268304,2023-03-23T15.37.48.304,12.010,-0.039,-0.004,0.013
1679582268314,2023-03-23T15.37.48.314,12.020,-0.058,-0.017,-0.000
1679582268325,2023-03-23T15.37.48.325,12.031,-0.068,-0.018,0.000
1679582268335,2023-03-23T15.37.48.335,12.041,-0.052,0.027,-0.006
1679582268344,2023-03-23T15.37.48.344,12.050,-0.106,0.049,-0.002
1679582268354,2023-03-23T15.37.48.354,12.060,-0.092,0.047,-0.034
1679582268364,2023-03-23T15.37.48.364,12.070,-0.103,0.019,-0.038
1679582268375,2023-03-23T15.37.48.375,12.081,-0.029,-0.038,-0.047
1679582268383,2023-03-23T15.37.48.383,12.089,0.065,-0.184,-0.032
1679582268394,2023-03-23T15.37.48.394,12.100,0.103,-0.168,0.036
1679582268404,2023-03-23T15.37.48.404,12.110,0.044,-0.108,0.050
1679582268414,2023-03-23T15.37.48.414,12.120,-0.034,-0.092,0.046
1679582268424,2023-03-23T15.37.48.424,12.130,-0.015,-0.088,0.015
1679582268435,2023-03-23T15.37.48.435,12.141,-0.042,-0.025,0.074
1679582268445,2023-03-23T15.37.48.445,12.151,-0.096,0.041,0.009
1679582268454,2023-03-23T15.37.48.454,12.160,-0.098,0.090,-0.022
1679582268464,2023-03-23T15.37.48.464,12.170,-0.133,0.048,-0.085
1679582268474,2023-03-23T15.37.48.474,12.180,-0.061,-0.012,-0.087
1679582268483,2023-03-23T15.37.48.483,12.189,-0.081,-0.157,-0.107
1679582268493,2023-03-23T15.37.48.493,12.199,0.033,-0.039,-0.071
1679582268503,2023-03-23T15.37.48.503,12.209,0.175,-0.060,0.083
1679582268514,2023-03-23T15.37.48.514,12.220,0.111,0.006,0.024
1679582268524,2023-03-23T15.37.48.524,12.230,0.274,-0.066,-0.124
1679582268533,2023-03-23T15.37.48.533,12.239,0.059,-0.158,0.008
1679582268543,2023-03-23T15.37.48.543,12.249,0.069,-0.125,0.010
1679582268553,2023-03-23T15.37.48.553,12.259,0.038,-0.045,-0.062
1679582268564,2023-03-23T15.37.48.564,12.270,0.002,-0.004,-0.059
1679582268574,2023-03-23T15.37.48.574,12.280,-0.031,-0.089,-0.043
1679582268583,2023-03-23T15.37.48.583,12.289,-0.041,-0.171,-0.059
1679582268593,2023-03-23T15.37.48.593,12.299,-0.114,-0.278,-0.023
1679582268603,2023-03-23T15.37.48.603,12.309,-0.124,-0.244,-0.030
1679582268613,2023-03-23T15.37.48.613,12.319,-0.039,-0.188,-0.087
1679582268624,2023-03-23T15.37.48.624,12.330,-0.020,-0.210,-0.058
1679582268632,2023-03-23T15.37.48.632,12.338,-0.000,-0.135,-0.028
1679582268643,2023-03-23T15.37.48.643,12.349,0.036,-0.076,0.021
1679582268653,2023-03-23T15.37.48.653,12.359,0.059,-0.069,0.015
1679582268663,2023-03-23T15.37.48.663,12.369,0.055,-0.047,0.028
1679582268672,2023-03-23T15.37.48.672,12.378,-0.091,-0.003,-0.036
1679582268684,2023-03-23T15.37.48.684,12.390,-0.151,-0.011,-0.038
1679582268692,2023-03-23T15.37.48.692,12.398,0.203,0.019,0.030
1679582268703,2023-03-23T15.37.48.703,12.409,0.185,-0.090,0.056
1679582268713,2023-03-23T15.37.48.713,12.419,0.160,-0.340,0.054
1679582268722,2023-03-23T15.37.48.722,12.428,-0.022,-0.402,0.009
1679582268732,2023-03-23T15.37.48.732,12.438,0.021,0.016,-0.062
1679582268742,2023-03-23T15.37.48.742,12.448,0.206,-0.051,-0.001
1679582268752,2023-03-23T15.37.48.752,12.458,0.175,-0.526,0.045
1679582268763,2023-03-23T15.37.48.763,12.469,0.032,-0.081,-0.024
1679582268772,2023-03-23T15.37.48.772,12.478,0.028,0.504,-0.262
1679582268782,2023-03-23T15.37.48.782,12.488,0.211,0.583,-0.251
1679582268792,2023-03-23T15.37.48.792,12.498,0.124,0.372,-0.193
1679582268802,2023-03-23T15.37.48.802,12.508,-0.249,0.414,-0.058
1679582268813,2023-03-23T15.37.48.813,12.519,-0.263,0.224,0.128
1679582268821,2023-03-23T15.37.48.821,12.527,0.098,0.035,0.438
1679582268832,2023-03-23T15.37.48.832,12.538,-0.096,-0.519,-0.177
1679582268842,2023-03-23T15.37.48.842,12.548,-0.253,-0.273,-0.124
1679582268852,2023-03-23T15.37.48.852,12.558,-0.168,-0.126,0.057
1679582268862,2023-03-23T15.37.48.862,12.568,-0.136,-0.113,0.030
1679582268871,2023-03-23T15.37.48.871,12.577,-0.036,-0.137,0.077
1679582268881,2023-03-23T15.37.48.881,12.587,-0.083,0.059,0.061
1679582268892,2023-03-23T15.37.48.892,12.598,-0.008,0.141,0.004
1679582268902,2023-03-23T15.37.48.902,12.608,-0.059,0.087,0.029
1679582268911,2023-03-23T15.37.48.911,12.617,-0.127,0.008,0.058
1679582268922,2023-03-23T15.37.48.922,12.628,-0.253,-0.385,0.078
1679582268931,2023-03-23T15.37.48.931,12.637,-0.245,-0.447,0.070
1679582268941,2023-03-23T15.37.48.941,12.647,-0.332,-0.781,0.097
1679582268952,2023-03-23T15.37.48.952,12.658,-0.332,-0.521,-0.000
1679582268960,2023-03-23T15.37.48.960,12.666,-0.326,-0.100,-0.059
1679582268971,2023-03-23T15.37.48.971,12.677,0.023,0.078,-0.074
1679582268981,2023-03-23T15.37.48.981,12.687,0.422,0.620,-0.126
1679582268991,2023-03-23T15.37.48.991,12.697,0.088,-0.289,0.164
1679582269001,2023-03-23T15.37.49.001,12.707,0.611,-0.503,0.087
1679582269010,2023-03-23T15.37.49.010,12.716,0.208,-0.207,-0.168
1679582269021,2023-03-23T15.37.49.021,12.727,-0.530,1.173,-0.060
1679582269031,2023-03-23T15.37.49.031,12.737,-0.089,0.740,-0.120
1679582269041,2023-03-23T15.37.49.041,12.747,0.176,0.137,0.088
1679582269051,2023-03-23T15.37.49.051,12.757,0.215,0.037,0.135
1679582269060,2023-03-23T15.37.49.060,12.766,0.470,-0.087,0.026
1679582269070,2023-03-23T15.37.49.070,12.776,0.934,0.753,0.111
1679582269081,2023-03-23T15.37.49.081,12.787,-0.633,0.012,0.193
1679582269091,2023-03-23T15.37.49.091,12.797,-0.233,-1.079,-0.317
1679582269101,2023-03-23T15.37.49.101,12.807,0.144,-0.400,-0.314
1679582269110,2023-03-23T15.37.49.110,12.816,0.188,0.200,0.024
1679582269120,2023-03-23T15.37.49.120,12.826,0.088,0.014,0.143
1679582269130,2023-03-23T15.37.49.130,12.836,0.100,-0.173,0.113
1679582269141,2023-03-23T15.37.49.141,12.847,0.111,-0.239,0.118
1679582269151,2023-03-23T15.37.49.151,12.857,0.017,-0.185,0.031
1679582269161,2023-03-23T15.37.49.161,12.867,-0.112,-0.166,0.004
1679582269170,2023-03-23T15.37.49.170,12.876,-0.111,-0.169,0.030
1679582269180,2023-03-23T15.37.49.180,12.886,-0.054,-0.127,0.014
1679582269190,2023-03-23T15.37.49.190,12.896,-0.061,-0.091,0.025
1679582269201,2023-03-23T15.37.49.201,12.907,-0.080,-0.030,0.058
1679582269210,2023-03-23T15.37.49.210,12.916,-0.081,0.151,0.101
1679582269220,2023-03-23T15.37.49.220,12.926,-0.002,0.177,0.005
1679582269230,2023-03-23T15.37.49.230,12.936,-0.063,0.134,0.032
1679582269240,2023-03-23T15.37.49.240,12.946,-0.072,0.180,0.142
1679582269251,2023-03-23T15.37.49.251,12.957,-0.053,0.051,-0.075
1679582269259,2023-03-23T15.37.49.259,12.965,-0.098,-0.133,-0.249
1679582269270,2023-03-23T15.37.49.270,12.976,-0.552,-1.072,-0.078
1679582269280,2023-03-23T15.37.49.280,12.986,-0.458,-1.753,-0.370
1679582269290,2023-03-23T15.37.49.290,12.996,0.770,0.951,0.574
1679582269299,2023-03-23T15.37.49.299,13.005,-0.014,0.206,0.039
1679582269309,2023-03-23T15.37.49.309,13.015,-0.177,-0.015,-0.278
1679582269319,2023-03-23T15.37.49.319,13.025,0.009,0.546,-0.305
1679582269330,2023-03-23T15.37.49.330,13.036,-0.042,0.081,-0.183
1679582269340,2023-03-23T15.37.49.340,13.046,-0.027,-0.250,-0.142
1679582269349,2023-03-23T15.37.49.349,13.055,0.089,-0.065,-0.023
1679582269359,2023-03-23T15.37.49.359,13.065,0.054,0.307,-0.051
1679582269369,2023-03-23T15.37.49.369,13.075,-0.057,0.238,-0.004
1679582269379,2023-03-23T15.37.49.379,13.085,-0.009,-0.073,0.170
1679582269390,2023-03-23T15.37.49.390,13.096,-0.024,-0.037,0.181
1679582269398,2023-03-23T15.37.49.398,13.104,-0.363,-0.381,-0.240
1679582269409,2023-03-23T15.37.49.409,13.115,0.059,-0.659,0.627
1679582269419,2023-03-23T15.37.49.419,13.125,0.013,0.173,0.395
1679582269429,2023-03-23T15.37.49.429,13.135,-0.104,-0.029,0.085
1679582269439,2023-03-23T15.37.49.439,13.145,-0.051,-0.078,-0.303
1679582269448,2023-03-23T15.37.49.448,13.154,-0.012,-0.044,0.004
1679582269459,2023-03-23T15.37.49.459,13.165,0.005,-0.042,0.032
1679582269469,2023-03-23T15.37.49.469,13.175,-0.002,-0.073,0.031
1679582269479,2023-03-23T15.37.49.479,13.185,-0.055,-0.125,0.021
1679582269489,2023-03-23T15.37.49.489,13.195,-0.067,-0.186,-0.011
1679582269498,2023-03-23T15.37.49.498,13.204,-0.059,-0.196,-0.025
1679582269508,2023-03-23T15.37.49.508,13.214,-0.051,-0.107,-0.003
1679582269519,2023-03-23T15.37.49.519,13.225,-0.032,-0.058,0.009
1679582269529,2023-03-23T15.37.49.529,13.235,-0.065,-0.129,0.019
1679582269538,2023-03-23T15.37.49.538,13.244,-0.073,-0.191,0.070
1679582269548,2023-03-23T15.37.49.548,13.254,-0.120,-0.182,0.053
1679582269558,2023-03-23T15.37.49.558,13.264,-0.166,-0.102,0.017
1679582269568,2023-03-23T15.37.49.568,13.274,-0.116,-0.195,0.063
1679582269579,2023-03-23T15.37.49.579,13.285,-0.111,0.059,0.074
1679582269587,2023-03-23T15.37.49.587,13.293,-0.108,-0.134,0.203
1679582269598,2023-03-23T15.37.49.598,13.304,-0.243,-0.088,0.021
1679582269608,2023-03-23T15.37.49.608,13.314,-0.306,-0.042,0.174
1679582269618,2023-03-23T15.37.49.618,13.324,-0.177,0.102,0.076
1679582269628,2023-03-23T15.37.49.628,13.334,-0.171,0.085,-0.158
1679582269637,2023-03-23T15.37.49.637,13.343,-0.181,0.020,-0.116
1679582269647,2023-03-23T15.37.49.647,13.353,-0.118,-0.072,-0.001
1679582269658,2023-03-23T15.37.49.658,13.364,0.027,-0.171,0.048
1679582269668,2023-03-23T15.37.49.668,13.374,0.092,-0.181,0.129
1679582269678,2023-03-23T15.37.49.678,13.384,0.166,-0.187,0.140
1679582269687,2023-03-23T15.37.49.687,13.393,0.230,-0.116,0.050
1679582269697,2023-03-23T15.37.49.697,13.403,0.079,0.273,0.036
1679582269708,2023-03-23T15.37.49.708,13.414,0.177,0.049,0.084
1679582269718,2023-03-23T15.37.49.718,13.424,0.385,-0.118,-0.067
1679582269728,2023-03-23T15.37.49.728,13.434,0.285,0.073,-0.127
1679582269737,2023-03-23T15.37.49.737,13.443,0.134,0.224,-0.096
1679582269747,2023-03-23T15.37.49.747,13.453,0.241,0.176,-0.093
1679582269757,2023-03-23T15.37.49.757,13.463,0.183,0.136,-0.121
1679582269768,2023-03-23T15.37.49.768,13.474,-0.074,-0.350,-0.028
1679582269778,2023-03-23T15.37.49.778,13.484,-0.056,-0.688,0.250
1679582269787,2023-03-23T15.37.49.787,13.493,-0.023,-0.111,0.042
1679582269797,2023-03-23T15.37.49.797,13.503,0.003,-0.192,0.015
1679582269807,2023-03-23T15.37.49.807,13.513,0.027,-0.191,0.024
1679582269817,2023-03-23T15.37.49.817,13.523,0.049,-0.065,0.004
1679582269826,2023-03-23T15.37.49.826,13.532,0.028,-0.024,-0.011
1679582269836,2023-03-23T15.37.49.836,13.542,-0.038,-0.047,0.007
1679582269847,2023-03-23T15.37.49.847,13.553,-0.083,-0.063,0.048
1679582269857,2023-03-23T15.37.49.857,13.563,-0.103,-0.093,0.037
1679582269867,2023-03-23T15.37.49.867,13.573,-0.141,-0.156,0.033
1679582269876,2023-03-23T15.37.49.876,13.582,-0.282,-0.297,0.047
1679582269886,2023-03-23T15.37.49.886,13.592,-0.476,-0.238,0.106
1679582269897,2023-03-23T15.37.49.897,13.603,-0.450,-0.073,-0.089
1679582269907,2023-03-23T15.37.49.907,13.613,-0.406,-0.078,-0.092
1679582269917,2023-03-23T15.37.49.917,13.623,-0.472,0.050,-0.154
1679582269926,2023-03-23T15.37.49.926,13.632,0.403,0.266,-0.042
1679582269936,2023-03-23T15.37.49.936,13.642,0.397,0.022,-0.079
1679582269946,2023-03-23T15.37.49.946,13.652,0.016,0.217,-0.041
1679582269957,2023-03-23T15.37.49.957,13.663,-0.041,0.239,0.038
1679582269967,2023-03-23T15.37.49.967,13.673,-0.234,0.136,0.132
1679582269976,2023-03-23T15.37.49.976,13.682,-0.286,-0.013,0.155
1679582269986,2023-03-23T15.37.49.986,13.692,-0.263,-0.176,0.120
1679582269996,2023-03-23T15.37.49.996,13.702,-0.251,-0.226,0.164
1679582270006,2023-03-23T15.37.50.006,13.712,0.306,-0.181,0.145
1679582270017,2023-03-23T15.37.50.017,13.723,0.013,-0.041,-0.006
1679582270025,2023-03-23T15.37.50.025,13.731,-0.309,-0.010,-0.192
1679582270036,2023-03-23T15.37.50.036,13.742,-0.286,-0.028,-0.189
1679582270046,2023-03-23T15.37.50.046,13.752,-0.268,-0.005,-0.242
1679582270056,2023-03-23T15.37.50.056,13.762,-0.291,0.124,-0.150
1679582270065,2023-03-23T15.37.50.065,13.771,-0.291,0.038,-0.039
1679582270075,2023-03-23T15.37.50.075,13.781,-0.290,-0.086,0.043
1679582270085,2023-03-23T15.37.50.085,13.791,-0.245,-0.266,0.035
1679582270096,2023-03-23T15.37.50.096,13.802,-0.078,-0.490,0.126
1679582270106,2023-03-23T15.37.50.106,13.812,0.195,-0.469,0.193
1679582270115,2023-03-23T15.37.50.115,13.821,0.264,-0.452,0.076
1679582270125,2023-03-23T15.37.50.125,13.831,0.276,-0.309,0.026
1679582270135,2023-03-23T15.37.50.135,13.841,0.245,-0.170,0.143
1679582270146,2023-03-23T15.37.50.146,13.852,0.267,0.112,0.148
1679582270156,2023-03-23T15.37.50.156,13.862,0.167,0.067,-0.101
1679582270165,2023-03-23T15.37.50.165,13.871,0.109,-0.079,-0.159
1679582270175,2023-03-23T15.37.50.175,13.881,0.045,-0.149,-0.135
1679582270185,2023-03-23T15.37.50.185,13.891,-0.009,-0.148,-0.038
1679582270195,2023-03-23T15.37.50.195,13.901,-0.006,-0.037,0.061
1679582270206,2023-03-23T15.37.50.206,13.912,0.014,0.008,0.137
1679582270216,2023-03-23T15.37.50.216,13.922,0.026,-0.117,0.006
1679582270225,2023-03-23T15.37.50.225,13.931,0.005,-0.110,-0.068
1679582270235,2023-03-23T15.37.50.235,13.941,-0.078,-0.107,-0.100
1679582270245,2023-03-23T15.37.50.245,13.951,-0.169,-0.187,-0.132
1679582270255,2023-03-23T15.37.50.255,13.961,-0.021,-0.157,0.048
1679582270264,2023-03-23T15.37.50.264,13.970,-0.039,-0.283,0.208
1679582270274,2023-03-23T15.37.50.274,13.980,-0.045,-0.190,0.143
1679582270285,2023-03-23T15.37.50.285,13.991,-0.083,-0.146,0.110
1679582270295,2023-03-23T15.37.50.295,14.001,-0.082,0.011,0.035
1679582270304,2023-03-23T15.37.50.304,14.010,-0.090,0.142,0.057
1679582270314,2023-03-23T15.37.50.314,14.020,0.092,0.039,0.116
1679582270324,2023-03-23T15.37.50.324,14.030,-0.056,-0.169,0.296
1679582270335,2023-03-23T15.37.50.335,14.041,0.033,0.186,0.067
1679582270345,2023-03-23T15.37.50.345,14.051,0.181,-0.151,-0.129
1679582270354,2023-03-23T15.37.50.354,14.060,0.072,-0.011,-0.055
1679582270364,2023-03-23T15.37.50.364,14.070,0.115,0.028,0.053
1679582270374,2023-03-23T15.37.50.374,14.080,-0.031,0.118,-0.065
1679582270384,2023-03-23T15.37.50.384,14.090,0.102,0.029,-0.103
1679582270395,2023-03-23T15.37.50.395,14.101,0.082,-0.311,-0.268
1679582270403,2023-03-23T15.37.50.403,14.109,0.005,-0.037,0.103
1679582270414,2023-03-23T15.37.50.414,14.120,0.070,0.089,0.157
1679582270424,2023-03-23T15.37.50.424,14.130,0.280,0.121,0.223
1679582270434,2023-03-23T15.37.50.434,14.140,0.240,0.252,0.361
1679582270444,2023-03-23T15.37.50.444,14.150,0.098,0.142,0.233
1679582270455,2023-03-23T15.37.50.455,14.161,0.045,0.111,0.038
1679582270463,2023-03-23T15.37.50.463,14.169,0.015,0.090,0.126
1679582270474,2023-03-23T15.37.50.474,14.180,-0.082,0.053,-0.045
1679582270484,2023-03-23T15.37.50.484,14.190,-0.371,0.111,-0.316
1679582270494,2023-03-23T15.37.50.494,14.200,-0.503,0.310,-0.297
1679582270503,2023-03-23T15.37.50.503,14.209,-0.458,0.374,-0.113
1679582270513,2023-03-23T15.37.50.513,14.219,-0.427,0.238,-0.059
1679582270523,2023-03-23T15.37.50.523,14.229,-0.288,0.246,0.130
1679582270534,2023-03-23T15.37.50.534,14.240,-0.125,0.143,0.254
1679582270544,2023-03-23T15.37.50.544,14.250,-0.093,0.141,0.145
1679582270553,2023-03-23T15.37.50.553,14.259,-0.194,0.207,-0.087
1679582270563,2023-03-23T15.37.50.563,14.269,-0.252,0.252,-0.193
1679582270573,2023-03-23T15.37.50.573,14.279,-0.340,0.201,-0.287
1679582270584,2023-03-23T15.37.50.584,14.290,-0.311,0.105,-0.324
1679582270592,2023-03-23T15.37.50.592,14.298,-0.257,0.068,-0.276
1679582270603,2023-03-23T15.37.50.603,14.309,-0.114,0.037,-0.090
1679582270613,2023-03-23T15.37.50.613,14.319,0.025,-0.030,0.016
1679582270623,2023-03-23T15.37.50.623,14.329,0.119,-0.105,0.010
1679582270633,2023-03-23T15.37.50.633,14.339,0.272,-0.116,0.017
1679582270642,2023-03-23T15.37.50.642,14.348,0.363,-0.113,0.053
1679582270652,2023-03-23T15.37.50.652,14.358,0.310,-0.154,-0.070
1679582270663,2023-03-23T15.37.50.663,14.369,0.263,-0.141,-0.166
1679582270673,2023-03-23T15.37.50.673,14.379,0.201,-0.136,-0.255
1679582270683,2023-03-23T15.37.50.683,14.389,0.146,-0.134,-0.311
1679582270693,2023-03-23T15.37.50.693,14.399,0.085,-0.111,-0.372
1679582270702,2023-03-23T15.37.50.702,14.408,0.085,-0.076,-0.365
1679582270712,2023-03-23T15.37.50.712,14.418,0.102,-0.044,-0.303
1679582270723,2023-03-23T15.37.50.723,14.429,0.158,-0.145,-0.209
1679582270733,2023-03-23T15.37.50.733,14.439,0.218,-0.231,-0.145
1679582270742,2023-03-23T15.37.50.742,14.448,0.299,-0.291,-0.027
1679582270752,2023-03-23T15.37.50.752,14.458,0.383,-0.311,0.093
1679582270762,2023-03-23T15.37.50.762,14.468,0.439,-0.287,0.165
1679582270772,2023-03-23T15.37.50.772,14.478,0.423,-0.246,0.138
1679582270783,2023-03-23T15.37.50.783,14.489,0.394,-0.174,0.140
1679582270792,2023-03-23T15.37.50.792,14.498,0.353,-0.154,0.189
1679582270802,2023-03-23T15.37.50.802,14.508,0.261,-0.080,0.176
1679582270812,2023-03-23T15.37.50.812,14.518,0.114,0.017,0.052
1679582270822,2023-03-23T15.37.50.822,14.528,-0.007,0.122,-0.029
1679582270831,2023-03-23T15.37.50.831,14.537,-0.023,0.125,0.014
1679582270841,2023-03-23T15.37.50.841,14.547,-0.013,0.076,0.071
1679582270852,2023-03-23T15.37.50.852,14.558,0.054,0.025,0.178
1679582270862,2023-03-23T15.37.50.862,14.568,0.153,0.001,0.307
1679582270872,2023-03-23T15.37.50.872,14.578,0.261,-0.015,0.339
1679582270881,2023-03-23T15.37.50.881,14.587,0.269,0.037,0.319
1679582270891,2023-03-23T15.37.50.891,14.597,0.211,0.091,0.323
1679582270901,2023-03-23T15.37.50.901,14.607,0.162,0.005,0.262
1679582270912,2023-03-23T15.37.50.912,14.618,0.025,-0.102,0.148
1679582270922,2023-03-23T15.37.50.922,14.628,-0.123,-0.202,0.049
1679582270931,2023-03-23T15.37.50.931,14.637,-0.190,-0.193,0.008
1679582270942,2023-03-23T15.37.50.942,14.648,-0.177,-0.103,-0.007
1679582270951,2023-03-23T15.37.50.951,14.657,-0.173,-0.015,0.016
1679582270961,2023-03-23T15.37.50.961,14.667,-0.153,0.002,0.050
1679582270972,2023-03-23T15.37.50.972,14.678,-0.108,0.038,0.135
1679582270980,2023-03-23T15.37.50.980,14.686,-0.074,0.081,0.254
1679582270991,2023-03-23T15.37.50.991,14.697,-0.082,0.113,0.320
1679582271001,2023-03-23T15.37.51.001,14.707,-0.095,0.073,0.269
1679582271011,2023-03-23T15.37.51.011,14.717,-0.247,0.018,0.200
1679582271022,2023-03-23T15.37.51.022,14.728,-0.254,-0.016,0.200
1679582271030,2023-03-23T15.37.51.030,14.736,-0.022,-0.038,-0.004