epoch (ms),time (01:00),elapsed (s),x-axis (g),y-axis (g),z-axis (g)
1680907471422,2023-04-08T00:44:31.422,0.010,0.001,-0.001,0.048
1680907471432,2023-04-08T00:44:31.432,0.020,-0.000,-0.001,0.045
1680907471443,2023-04-08T00:44:31.443,0.031,0.002,-0.001,0.046
1680907471453,2023-04-08T00:44:31.453,0.041,0.001,-0.003,0.046
1680907471462,2023-04-08T00:44:31.462,0.050,0.001,-0.003,0.045
1680907471472,2023-04-08T00:44:31.472,0.060,0.001,-0.001,0.045
1680907471482,2023-04-08T00:44:31.482,0.070,0.000,-0.001,0.047
1680907471492,2023-04-08T00:44:31.492,0.080,-0.001,-0.001,0.046
1680907471501,2023-04-08T00:44:31.501,0.089,-0.001,-0.001,0.046
1680907471512,2023-04-08T00:44:31.512,0.100,0.000,0.000,0.046
1680907471522,2023-04-08T00:44:31.522,0.110,0.001,-0.000,0.045
1680907471532,2023-04-08T00:44:31.532,0.120,-0.000,-0.001,0.046
1680907471542,2023-04-08T00:44:31.542,0.130,0.001,-0.003,0.046
1680907471551,2023-04-08T00:44:31.551,0.139,0.001,-0.002,0.046
1680907471561,2023-04-08T00:44:31.561,0.149,0.002,0.000,0.045
1680907471572,2023-04-08T00:44:31.572,0.160,-0.000,0.000,0.046
1680907471582,2023-04-08T00:44:31.582,0.170,0.000,-0.000,0.047
1680907471592,2023-04-08T00:44:31.592,0.180,-0.001,-0.001,0.046
1680907471601,2023-04-08T00:44:31.601,0.189,-0.001,-0.000,0.046
1680907471611,2023-04-08T00:44:31.611,0.199,0.002,-0.001,0.046
1680907471621,2023-04-08T00:44:31.621,0.209,0.000,-0.001,0.046
1680907471632,2023-04-08T00:44:31.632,0.220,0.001,-0.002,0.046
1680907471642,2023-04-08T00:44:31.642,0.230,0.002,-0.003,0.046
1680907471651,2023-04-08T00:44:31.651,0.239,-0.000,-0.002,0.046
1680907471661,2023-04-08T00:44:31.661,0.249,0.000,-0.001,0.045
1680907471671,2023-04-08T00:44:31.671,0.259,0.001,-0.002,0.046
1680907471681,2023-04-08T00:44:31.681,0.269,-0.001,-0.001,0.045
1680907471692,2023-04-08T00:44:31.692,0.280,-0.001,0.001,0.044
1680907471700,2023-04-08T00:44:31.700,0.288,0.001,-0.002,0.046
1680907471711,2023-04-08T00:44:31.711,0.299,0.050,-0.012,0.045
1680907471721,2023-04-08T00:44:31.721,0.309,0.149,0.026,0.043
1680907471731,2023-04-08T00:44:31.731,0.319,0.010,-0.008,0.049
1680907471740,2023-04-08T00:44:31.740,0.328,-0.141,-0.024,0.048
1680907471750,2023-04-08T00:44:31.750,0.338,-0.086,-0.002,0.048
1680907471761,2023-04-08T00:44:31.761,0.349,-0.005,0.003,0.046
1680907471771,2023-04-08T00:44:31.771,0.359,0.009,-0.005,0.044
1680907471781,2023-04-08T00:44:31.781,0.369,0.003,-0.005,0.046
1680907471790,2023-04-08T00:44:31.790,0.378,-0.031,0.011,0.041
1680907471800,2023-04-08T00:44:31.800,0.388,-0.070,-0.053,0.052
1680907471810,2023-04-08T00:44:31.810,0.398,-0.037,-0.021,0.047
1680907471821,2023-04-08T00:44:31.821,0.409,0.011,-0.013,0.046
1680907471831,2023-04-08T00:44:31.831,0.419,0.052,-0.001,0.046
1680907471840,2023-04-08T00:44:31.840,0.428,0.009,-0.029,0.049
1680907471850,2023-04-08T00:44:31.850,0.438,0.010,-0.008,0.048
1680907471860,2023-04-08T00:44:31.860,0.448,0.046,0.016,0.045
1680907471870,2023-04-08T00:44:31.870,0.458,0.064,-0.028,0.051
1680907471881,2023-04-08T00:44:31.881,0.469,0.067,-0.011,0.046
1680907471891,2023-04-08T00:44:31.891,0.479,0.078,0.010,0.049
1680907471900,2023-04-08T00:44:31.900,0.488,0.096,0.032,0.046
1680907471910,2023-04-08T00:44:31.910,0.498,0.095,-0.004,0.028
1680907471920,2023-04-08T00:44:31.920,0.508,0.068,-0.031,0.024
1680907471930,2023-04-08T00:44:31.930,0.518,0.043,-0.009,0.062
1680907471939,2023-04-08T00:44:31.939,0.527,0.054,0.036,0.057
1680907471950,2023-04-08T00:44:31.950,0.538,0.039,-0.004,0.030
1680907471960,2023-04-08T00:44:31.960,0.548,-0.029,-0.018,0.058
1680907471970,2023-04-08T00:44:31.970,0.558,0.021,-0.030,0.070
1680907471979,2023-04-08T00:44:31.979,0.567,0.076,-0.036,0.018
1680907471989,2023-04-08T00:44:31.989,0.577,0.087,0.018,0.033
1680907471999,2023-04-08T00:44:31.999,0.587,0.013,0.032,0.055
1680907472010,2023-04-08T00:44:32.010,0.598,-0.067,0.025,0.041
1680907472020,2023-04-08T00:44:32.020,0.608,-0.161,0.029,0.043
1680907472029,2023-04-08T00:44:32.029,0.617,-0.084,-0.023,0.057
1680907472039,2023-04-08T00:44:32.039,0.627,-0.048,-0.019,0.060
1680907472049,2023-04-08T00:44:32.049,0.637,-0.044,0.014,0.060
1680907472059,2023-04-08T00:44:32.059,0.647,-0.039,0.027,0.038
1680907472070,2023-04-08T00:44:32.070,0.658,-0.046,0.019,0.041
1680907472078,2023-04-08T00:44:32.078,0.666,0.040,0.017,0.043
1680907472089,2023-04-08T00:44:32.089,0.677,0.087,0.028,0.040
1680907472099,2023-04-08T00:44:32.099,0.687,0.038,0.037,0.048
1680907472109,2023-04-08T00:44:32.109,0.697,-0.017,0.014,0.038
1680907472119,2023-04-08T00:44:32.119,0.707,-0.042,-0.007,0.036
1680907472128,2023-04-08T00:44:32.128,0.716,-0.026,-0.009,0.059
1680907472138,2023-04-08T00:44:32.138,0.726,0.008,-0.022,-0.012
1680907472149,2023-04-08T00:44:32.149,0.737,-0.096,-0.002,0.109
1680907472159,2023-04-08T00:44:32.159,0.747,-0.066,-0.004,0.004
1680907472169,2023-04-08T00:44:32.169,0.757,0.005,0.002,0.014
1680907472178,2023-04-08T00:44:32.178,0.766,0.053,-0.013,0.068
1680907472188,2023-04-08T00:44:32.188,0.776,0.013,-0.025,0.053
1680907472199,2023-04-08T00:44:32.199,0.787,0.009,-0.060,0.045
1680907472209,2023-04-08T00:44:32.209,0.797,0.018,-0.015,0.056
1680907472219,2023-04-08T00:44:32.219,0.807,0.063,-0.002,0.041
1680907472228,2023-04-08T00:44:32.228,0.816,0.090,-0.019,0.033
1680907472238,2023-04-08T00:44:32.238,0.826,0.014,-0.038,0.049
1680907472248,2023-04-08T00:44:32.248,0.836,-0.028,0.012,0.054
1680907472259,2023-04-08T00:44:32.259,0.847,-0.014,-0.050,0.044
1680907472267,2023-04-08T00:44:32.267,0.855,-0.043,-0.059,0.049
1680907472278,2023-04-08T00:44:32.278,0.866,-0.128,-0.042,0.050
1680907472288,2023-04-08T00:44:32.288,0.876,-0.094,-0.018,0.048
1680907472298,2023-04-08T00:44:32.298,0.886,-0.023,0.007,0.046
1680907472308,2023-04-08T00:44:32.308,0.896,-0.014,0.028,0.044
1680907472317,2023-04-08T00:44:32.317,0.905,-0.098,0.008,0.048
1680907472327,2023-04-08T00:44:32.327,0.915,-0.105,0.012,0.049
1680907472338,2023-04-08T00:44:32.338,0.926,-0.053,-0.004,0.047
1680907472348,2023-04-08T00:44:32.348,0.936,-0.034,-0.011,0.047
1680907472358,2023-04-08T00:44:32.358,0.946,-0.033,-0.026,0.047
1680907472367,2023-04-08T00:44:32.367,0.955,-0.011,-0.028,0.047
1680907472377,2023-04-08T00:44:32.377,0.965,0.018,-0.007,0.045
1680907472387,2023-04-08T00:44:32.387,0.975,0.006,-0.050,0.050
1680907472398,2023-04-08T00:44:32.398,0.986,-0.025,-0.050,0.047
1680907472408,2023-04-08T00:44:32.408,0.996,-0.014,-0.052,0.048
1680907472417,2023-04-08T00:44:32.417,1.005,0.006,-0.048,0.046
1680907472427,2023-04-08T00:44:32.427,1.015,0.005,-0.004,0.047
1680907472437,2023-04-08T00:44:32.437,1.025,-0.010,-0.026,0.047
1680907472448,2023-04-08T00:44:32.448,1.036,-0.036,-0.037,0.046
1680907472458,2023-04-08T00:44:32.458,1.046,-0.019,0.001,0.045
1680907472467,2023-04-08T00:44:32.467,1.055,0.048,0.021,0.040
1680907472477,2023-04-08T00:44:32.477,1.065,0.067,0.030,0.045
1680907472487,2023-04-08T00:44:32.487,1.075,0.047,0.040,0.045
1680907472497,2023-04-08T00:44:32.497,1.085,0.042,0.038,0.046
1680907472506,2023-04-08T00:44:32.506,1.094,0.022,0.030,0.046
1680907472516,2023-04-08T00:44:32.516,1.104,-0.008,0.033,0.041
1680907472527,2023-04-08T00:44:32.527,1.115,-0.021,0.000,0.048
1680907472537,2023-04-08T00:44:32.537,1.125,-0.020,0.033,0.046
1680907472547,2023-04-08T00:44:32.547,1.135,0.003,0.027,0.044
1680907472556,2023-04-08T00:44:32.556,1.144,-0.017,0.050,0.044
1680907472566,2023-04-08T00:44:32.566,1.154,-0.042,0.038,0.046
1680907472576,2023-04-08T00:44:32.576,1.164,-0.040,0.021,0.046
1680907472587,2023-04-08T00:44:32.587,1.175,-0.056,0.029,0.042
1680907472597,2023-04-08T00:44:32.597,1.185,0.004,0.024,0.048
1680907472606,2023-04-08T00:44:32.606,1.194,0.039,0.032,0.058
1680907472616,2023-04-08T00:44:32.616,1.204,-0.038,0.060,0.036
1680907472626,2023-04-08T00:44:32.626,1.214,0.006,0.007,0.041
1680907472637,2023-04-08T00:44:32.637,1.225,-0.021,0.030,0.056
1680907472647,2023-04-08T00:44:32.647,1.235,-0.099,-0.003,0.032
1680907472656,2023-04-08T00:44:32.656,1.244,-0.075,-0.023,0.042
1680907472666,2023-04-08T00:44:32.666,1.254,-0.071,-0.022,0.049
1680907472676,2023-04-08T00:44:32.676,1.264,-0.057,-0.021,0.048
1680907472686,2023-04-08T00:44:32.686,1.274,-0.033,0.015,0.053
1680907472697,2023-04-08T00:44:32.697,1.285,-0.051,0.056,0.050
1680907472705,2023-04-08T00:44:32.705,1.293,-0.033,-0.020,0.063
1680907472716,2023-04-08T00:44:32.716,1.304,-0.025,-0.021,-0.053
1680907472726,2023-04-08T00:44:32.726,1.314,0.064,-0.102,0.056
1680907472736,2023-04-08T00:44:32.736,1.324,0.008,0.059,0.099
1680907472745,2023-04-08T00:44:32.745,1.333,-0.037,0.036,0.038
1680907472755,2023-04-08T00:44:32.755,1.343,-0.016,-0.005,0.045
1680907472765,2023-04-08T00:44:32.765,1.353,0.034,-0.014,0.049
1680907472776,2023-04-08T00:44:32.776,1.364,0.028,-0.012,0.046
1680907472786,2023-04-08T00:44:32.786,1.374,-0.006,0.007,0.046
1680907472795,2023-04-08T00:44:32.795,1.383,-0.003,0.005,0.047
1680907472805,2023-04-08T00:44:32.805,1.393,-0.015,-0.022,0.032
1680907472815,2023-04-08T00:44:32.815,1.403,0.002,0.008,0.052
1680907472825,2023-04-08T00:44:32.825,1.413,-0.002,0.003,0.046
1680907472836,2023-04-08T00:44:32.836,1.424,-0.004,-0.002,0.043
1680907472845,2023-04-08T00:44:32.845,1.433,-0.004,-0.001,0.045
1680907472855,2023-04-08T00:44:32.855,1.443,-0.004,0.001,0.046
1680907472865,2023-04-08T00:44:32.865,1.453,-0.002,-0.001,0.044
1680907472875,2023-04-08T00:44:32.875,1.463,-0.003,0.000,0.048
1680907472886,2023-04-08T00:44:32.886,1.474,-0.004,-0.001,0.048
1680907472894,2023-04-08T00:44:32.894,1.482,-0.004,-0.000,0.046
1680907472905,2023-04-08T00:44:32.905,1.493,-0.004,0.001,0.046
1680907472915,2023-04-08T00:44:32.915,1.503,-0.004,-0.000,0.046
1680907472925,2023-04-08T00:44:32.925,1.513,-0.004,-0.003,0.046
1680907472935,2023-04-08T00:44:32.935,1.523,-0.004,-0.001,0.045
1680907472944,2023-04-08T00:44:32.944,1.532,-0.004,0.001,0.047
1680907472954,2023-04-08T00:44:32.954,1.542,-0.003,-0.001,0.046
1680907472965,2023-04-08T00:44:32.965,1.553,-0.005,0.001,0.047
1680907472975,2023-04-08T00:44:32.975,1.563,-0.004,-0.001,0.046
1680907472985,2023-04-08T00:44:32.985,1.573,-0.003,-0.001,0.046
1680907472994,2023-04-08T00:44:32.994,1.582,-0.003,-0.000,0.046
1680907473004,2023-04-08T00:44:33.004,1.592,-0.003,-0.001,0.045
1680907473014,2023-04-08T00:44:33.014,1.602,-0.003,-0.001,0.046
1680907473025,2023-04-08T00:44:33.025,1.613,-0.002,-0.000,0.046
1680907473033,2023-04-08T00:44:33.033,1.621,-0.002,-0.002,0.046
1680907473044,2023-04-08T00:44:33.044,1.632,-0.003,-0.001,0.045
1680907473054,2023-04-08T00:44:33.054,1.642,-0.003,-0.001,0.048
1680907473064,2023-04-08T00:44:33.064,1.652,-0.003,-0.002,0.046
1680907473075,2023-04-08T00:44:33.075,1.663,-0.004,0.000,0.046
1680907473083,2023-04-08T00:44:33.083,1.671,-0.003,-0.001,0.045
1680907473094,2023-04-08T00:44:33.094,1.682,-0.001,-0.000,0.046
1680907473104,2023-04-08T00:44:33.104,1.692,-0.002,-0.001,0.045
1680907473114,2023-04-08T00:44:33.114,1.702,-0.003,0.001,0.046
1680907473124,2023-04-08T00:44:33.124,1.712,-0.005,-0.000,0.044
1680907473133,2023-04-08T00:44:33.133,1.721,-0.001,-0.001,0.044
1680907473143,2023-04-08T00:44:33.143,1.731,-0.003,-0.002,0.045
1680907473154,2023-04-08T00:44:33.154,1.742,-0.004,-0.002,0.047
1680907473164,2023-04-08T00:44:33.164,1.752,-0.002,0.000,0.046
1680907473174,2023-04-08T00:44:33.174,1.762,-0.003,-0.001,0.046
1680907473183,2023-04-08T00:44:33.183,1.771,-0.004,-0.002,0.045
1680907473193,2023-04-08T00:44:33.193,1.781,-0.005,-0.001,0.046
1680907473203,2023-04-08T00:44:33.203,1.791,-0.003,0.001,0.046
1680907473214,2023-04-08T00:44:33.214,1.802,-0.002,0.001,0.046
1680907473224,2023-04-08T00:44:33.224,1.812,-0.004,0.000,0.046
1680907473233,2023-04-08T00:44:33.233,1.821,-0.002,-0.002,0.046
1680907473243,2023-04-08T00:44:33.243,1.831,-0.002,-0.001,0.047
1680907473253,2023-04-08T00:44:33.253,1.841,-0.003,-0.001,0.046
1680907473263,2023-04-08T00:44:33.263,1.851,-0.003,-0.001,0.046
1680907473272,2023-04-08T00:44:33.272,1.860,-0.004,-0.001,0.045
1680907473283,2023-04-08T00:44:33.283,1.871,-0.002,-0.002,0.045
1680907473293,2023-04-08T00:44:33.293,1.881,-0.004,-0.000,0.046
1680907473303,2023-04-08T00:44:33.303,1.891,-0.005,0.000,0.046
1680907473313,2023-04-08T00:44:33.313,1.901,-0.002,0.001,0.045
1680907473322,2023-04-08T00:44:33.322,1.910,-0.003,-0.001,0.046
1680907473332,2023-04-08T00:44:33.332,1.920,-0.003,-0.001,0.046
1680907473343,2023-04-08T00:44:33.343,1.931,-0.004,-0.000,0.046
1680907473353,2023-04-08T00:44:33.353,1.941,-0.003,-0.001,0.045
1680907473363,2023-04-08T00:44:33.363,1.951,-0.005,-0.001,0.046
1680907473372,2023-04-08T00:44:33.372,1.960,-0.004,-0.001,0.045
1680907473382,2023-04-08T00:44:33.382,1.970,-0.003,-0.000,0.045
1680907473392,2023-04-08T00:44:33.392,1.980,-0.004,-0.001,0.046
1680907473403,2023-04-08T00:44:33.403,1.991,-0.005,-0.002,0.045
1680907473413,2023-04-08T00:44:33.413,2.001,-0.004,-0.003,0.045
1680907473422,2023-04-08T00:44:33.422,2.010,-0.002,-0.001,0.047
1680907473432,2023-04-08T00:44:33.432,2.020,-0.002,0.001,0.046
1680907473442,2023-04-08T00:44:33.442,2.030,-0.004,0.001,0.045
1680907473452,2023-04-08T00:44:33.452,2.040,-0.005,0.000,0.046
1680907473463,2023-04-08T00:44:33.463,2.051,-0.005,-0.000,0.046
1680907473471,2023-04-08T00:44:33.471,2.059,-0.005,-0.001,0.046
1680907473482,2023-04-08T00:44:33.482,2.070,-0.002,0.001,0.046
1680907473492,2023-04-08T00:44:33.492,2.080,-0.004,0.000,0.045
1680907473502,2023-04-08T00:44:33.502,2.090,-0.003,-0.000,0.046
1680907473511,2023-04-08T00:44:33.511,2.099,-0.001,-0.000,0.045
1680907473521,2023-04-08T00:44:33.521,2.109,-0.004,0.000,0.046
1680907473532,2023-04-08T00:44:33.532,2.120,-0.002,-0.001,0.046
1680907473542,2023-04-08T00:44:33.542,2.130,-0.004,-0.001,0.046
1680907473552,2023-04-08T00:44:33.552,2.140,-0.003,0.000,0.046
1680907473561,2023-04-08T00:44:33.561,2.149,-0.002,0.001,0.047
1680907473571,2023-04-08T00:44:33.571,2.159,-0.003,-0.000,0.046
1680907473581,2023-04-08T00:44:33.581,2.169,-0.003,-0.001,0.045
1680907473592,2023-04-08T00:44:33.592,2.180,-0.002,-0.001,0.045
1680907473602,2023-04-08T00:44:33.602,2.190,-0.004,-0.001,0.044
1680907473611,2023-04-08T00:44:33.611,2.199,-0.004,-0.002,0.046
1680907473621,2023-04-08T00:44:33.621,2.209,-0.004,-0.000,0.046
1680907473631,2023-04-08T00:44:33.631,2.219,-0.003,-0.001,0.045
1680907473641,2023-04-08T00:44:33.641,2.229,-0.001,-0.001,0.045
1680907473652,2023-04-08T00:44:33.652,2.240,-0.002,-0.000,0.046
1680907473660,2023-04-08T00:44:33.660,2.248,-0.002,0.000,0.046
1680907473671,2023-04-08T00:44:33.671,2.259,-0.003,0.001,0.047
1680907473681,2023-04-08T00:44:33.681,2.269,-0.003,-0.000,0.045
1680907473691,2023-04-08T00:44:33.691,2.279,-0.004,-0.001,0.045
1680907473701,2023-04-08T00:44:33.701,2.289,-0.004,0.002,0.046
1680907473710,2023-04-08T00:44:33.710,2.298,-0.004,-0.000,0.044
1680907473721,2023-04-08T00:44:33.721,2.309,-0.003,-0.002,0.045
1680907473731,2023-04-08T00:44:33.731,2.319,-0.004,-0.000,0.046
1680907473741,2023-04-08T00:44:33.741,2.329,-0.004,-0.001,0.046
1680907473751,2023-04-08T00:44:33.751,2.339,-0.004,-0.001,0.046
1680907473760,2023-04-08T00:44:33.760,2.348,-0.004,-0.001,0.044
1680907473770,2023-04-08T00:44:33.770,2.358,-0.004,-0.000,0.047
1680907473781,2023-04-08T00:44:33.781,2.369,-0.003,-0.001,0.046
1680907473791,2023-04-08T00:44:33.791,2.379,-0.004,-0.003,0.046
1680907473800,2023-04-08T00:44:33.800,2.388,-0.003,-0.003,0.046
1680907473810,2023-04-08T00:44:33.810,2.398,-0.002,-0.002,0.048
1680907473820,2023-04-08T00:44:33.820,2.408,-0.003,-0.002,0.046
1680907473830,2023-04-08T00:44:33.830,2.418,-0.003,-0.000,0.046
1680907473841,2023-04-08T00:44:33.841,2.429,-0.004,-0.001,0.046
1680907473849,2023-04-08T00:44:33.849,2.437,-0.004,-0.003,0.044
1680907473860,2023-04-08T00:44:33.860,2.448,-0.004,-0.001,0.046
1680907473870,2023-04-08T00:44:33.870,2.458,-0.005,-0.000,0.045
1680907473880,2023-04-08T00:44:33.880,2.468,-0.003,-0.002,0.045
1680907473890,2023-04-08T00:44:33.890,2.478,-0.003,-0.000,0.047
1680907473899,2023-04-08T00:44:33.899,2.487,-0.004,0.001,0.046
1680907473909,2023-04-08T00:44:33.909,2.497,-0.002,-0.001,0.046
1680907473920,2023-04-08T00:44:33.920,2.508,-0.002,-0.001,0.048
1680907473930,2023-04-08T00:44:33.930,2.518,-0.005,-0.001,0.046
1680907473940,2023-04-08T00:44:33.940,2.528,-0.002,-0.000,0.046
1680907473949,2023-04-08T00:44:33.949,2.537,-0.002,-0.001,0.046
1680907473959,2023-04-08T00:44:33.959,2.547,-0.003,-0.000,0.045
1680907473970,2023-04-08T00:44:33.970,2.558,-0.002,-0.002,0.046
1680907473980,2023-04-08T00:44:33.980,2.568,-0.004,-0.000,0.047
1680907473990,2023-04-08T00:44:33.990,2.578,-0.004,-0.002,0.046
1680907473999,2023-04-08T00:44:33.999,2.587,-0.003,-0.002,0.046
1680907474009,2023-04-08T00:44:34.009,2.597,-0.002,-0.001,0.046
1680907474019,2023-04-08T00:44:34.019,2.607,-0.003,-0.000,0.046
1680907474030,2023-04-08T00:44:34.030,2.618,-0.003,-0.001,0.046
1680907474038,2023-04-08T00:44:34.038,2.626,-0.004,-0.001,0.046
1680907474049,2023-04-08T00:44:34.049,2.637,-0.004,-0.003,0.046
1680907474059,2023-04-08T00:44:34.059,2.647,-0.003,-0.001,0.045
1680907474069,2023-04-08T00:44:34.069,2.657,-0.004,-0.000,0.046
1680907474079,2023-04-08T00:44:34.079,2.667,-0.003,-0.001,0.046
1680907474088,2023-04-08T00:44:34.088,2.676,-0.003,-0.001,0.045
1680907474098,2023-04-08T00:44:34.098,2.686,-0.003,-0.000,0.048
1680907474109,2023-04-08T00:44:34.109,2.697,-0.004,-0.001,0.046
1680907474119,2023-04-08T00:44:34.119,2.707,-0.003,-0.000,0.046
1680907474129,2023-04-08T00:44:34.129,2.717,-0.003,-0.001,0.046
1680907474138,2023-04-08T00:44:34.138,2.726,-0.004,-0.001,0.044
1680907474148,2023-04-08T00:44:34.148,2.736,-0.004,0.000,0.046
1680907474158,2023-04-08T00:44:34.158,2.746,-0.004,-0.000,0.046
1680907474169,2023-04-08T00:44:34.169,2.757,-0.003,-0.001,0.047
1680907474179,2023-04-08T00:44:34.179,2.767,-0.004,-0.001,0.046
1680907474188,2023-04-08T00:44:34.188,2.776,-0.004,-0.003,0.046
1680907474198,2023-04-08T00:44:34.198,2.786,-0.005,-0.001,0.046
1680907474208,2023-04-08T00:44:34.208,2.796,-0.004,0.000,0.045
1680907474219,2023-04-08T00:44:34.219,2.807,-0.003,0.002,0.046
1680907474229,2023-04-08T00:44:34.229,2.817,-0.003,-0.003,0.045
1680907474238,2023-04-08T00:44:34.238,2.826,-0.004,-0.002,0.046
1680907474248,2023-04-08T00:44:34.248,2.836,-0.004,-0.000,0.046
1680907474258,2023-04-08T00:44:34.258,2.846,-0.004,-0.000,0.045
1680907474268,2023-04-08T00:44:34.268,2.856,-0.003,0.000,0.045
1680907474277,2023-04-08T00:44:34.277,2.865,-0.002,-0.000,0.044
1680907474287,2023-04-08T00:44:34.287,2.875,-0.004,-0.002,0.044
1680907474298,2023-04-08T00:44:34.298,2.886,-0.004,-0.001,0.045
1680907474308,2023-04-08T00:44:34.308,2.896,-0.003,-0.002,0.046
1680907474318,2023-04-08T00:44:34.318,2.906,-0.004,0.001,0.045
1680907474327,2023-04-08T00:44:34.327,2.915,-0.003,-0.000,0.045
1680907474337,2023-04-08T00:44:34.337,2.925,-0.003,-0.000,0.044
1680907474347,2023-04-08T00:44:34.347,2.935,-0.004,-0.003,0.046
1680907474358,2023-04-08T00:44:34.358,2.946,-0.003,-0.001,0.046
1680907474368,2023-04-08T00:44:34.368,2.956,-0.004,-0.001,0.048
1680907474377,2023-04-08T00:44:34.377,2.965,-0.004,-0.001,0.047
1680907474387,2023-04-08T00:44:34.387,2.975,-0.002,-0.002,0.046
1680907474397,2023-04-08T00:44:34.397,2.985,-0.004,0.001,0.046
1680907474408,2023-04-08T00:44:34.408,2.996,-0.004,-0.001,0.046
1680907474418,2023-04-08T00:44:34.418,3.006,-0.004,-0.001,0.046
1680907474427,2023-04-08T00:44:34.427,3.015,-0.003,0.000,0.045
1680907474437,2023-04-08T00:44:34.437,3.025,-0.003,0.000,0.046
1680907474447,2023-04-08T00:44:34.447,3.035,-0.004,-0.002,0.047
1680907474457,2023-04-08T00:44:34.457,3.045,-0.003,-0.001,0.048
1680907474468,2023-04-08T00:44:34.468,3.056,-0.002,-0.000,0.046
1680907474476,2023-04-08T00:44:34.476,3.064,-0.002,-0.001,0.045
1680907474487,2023-04-08T00:44:34.487,3.075,-0.000,-0.002,0.045
1680907474497,2023-04-08T00:44:34.497,3.085,-0.004,0.001,0.046
1680907474507,2023-04-08T00:44:34.507,3.095,-0.003,0.001,0.045
1680907474517,2023-04-08T00:44:34.517,3.105,-0.004,-0.002,0.046
1680907474526,2023-04-08T00:44:34.526,3.114,-0.004,-0.003,0.046
1680907474536,2023-04-08T00:44:34.536,3.124,-0.004,-0.001,0.045
1680907474547,2023-04-08T00:44:34.547,3.135,-0.003,0.001,0.045
1680907474557,2023-04-08T00:44:34.557,3.145,-0.003,0.000,0.046
1680907474566,2023-04-08T00:44:34.566,3.154,-0.003,-0.002,0.045
1680907474576,2023-04-08T00:44:34.576,3.164,-0.002,0.001,0.046
1680907474586,2023-04-08T00:44:34.586,3.174,-0.003,0.000,0.048
1680907474596,2023-04-08T00:44:34.596,3.184,-0.003,0.001,0.046
1680907474607,2023-04-08T00:44:34.607,3.195,-0.002,-0.001,0.045
1680907474616,2023-04-08T00:44:34.616,3.204,-0.003,-0.003,0.047
1680907474626,2023-04-08T00:44:34.626,3.214,-0.006,-0.002,0.046
1680907474636,2023-04-08T00:44:34.636,3.224,-0.004,-0.003,0.045
1680907474646,2023-04-08T00:44:34.646,3.234,-0.003,-0.001,0.046
1680907474657,2023-04-08T00:44:34.657,3.245,-0.004,-0.001,0.046
1680907474665,2023-04-08T00:44:34.665,3.253,-0.005,-0.000,0.045
1680907474676,2023-04-08T00:44:34.676,3.264,-0.004,-0.001,0.046
1680907474686,2023-04-08T00:44:34.686,3.274,-0.003,-0.000,0.047
1680907474696,2023-04-08T00:44:34.696,3.284,-0.003,-0.001,0.046
1680907474706,2023-04-08T00:44:34.706,3.294,-0.002,-0.001,0.047
1680907474715,2023-04-08T00:44:34.715,3.303,-0.003,0.002,0.045
1680907474725,2023-04-08T00:44:34.725,3.313,-0.004,-0.000,0.046
1680907474736,2023-04-08T00:44:34.736,3.324,-0.004,-0.001,0.045
1680907474746,2023-04-08T00:44:34.746,3.334,-0.005,-0.000,0.044
1680907474756,2023-04-08T00:44:34.756,3.344,-0.003,-0.000,0.045
1680907474765,2023-04-08T00:44:34.765,3.353,-0.002,-0.000,0.046
1680907474775,2023-04-08T00:44:34.775,3.363,-0.004,0.001,0.046
1680907474785,2023-04-08T00:44:34.785,3.373,-0.004,0.000,0.047
1680907474796,2023-04-08T00:44:34.796,3.384,-0.004,0.000,0.045
1680907474804,2023-04-08T00:44:34.804,3.392,-0.004,-0.002,0.045
1680907474815,2023-04-08T00:44:34.815,3.403,-0.003,-0.001,0.049
1680907474825,2023-04-08T00:44:34.825,3.413,-0.004,0.000,0.046
1680907474835,2023-04-08T00:44:34.835,3.423,-0.003,-0.002,0.046
1680907474846,2023-04-08T00:44:34.846,3.434,-0.004,-0.001,0.045
1680907474854,2023-04-08T00:44:34.854,3.442,-0.003,-0.000,0.046
1680907474865,2023-04-08T00:44:34.865,3.453,-0.006,0.000,0.045
1680907474875,2023-04-08T00:44:34.875,3.463,-0.005,-0.002,0.046
1680907474885,2023-04-08T00:44:34.885,3.473,-0.003,-0.001,0.046
1680907474895,2023-04-08T00:44:34.895,3.483,-0.004,0.000,0.046
1680907474904,2023-04-08T00:44:34.904,3.492,-0.003,-0.000,0.047
1680907474914,2023-04-08T00:44:34.914,3.502,-0.003,-0.001,0.046
1680907474925,2023-04-08T00:44:34.925,3.513,-0.004,-0.000,0.044
1680907474935,2023-04-08T00:44:34.935,3.523,-0.004,0.000,0.046
1680907474945,2023-04-08T00:44:34.945,3.533,-0.002,0.000,0.045
1680907474954,2023-04-08T00:44:34.954,3.542,-0.003,0.000,0.046
1680907474964,2023-04-08T00:44:34.964,3.552,-0.002,-0.001,0.047
1680907474974,2023-04-08T00:44:34.974,3.562,-0.003,-0.001,0.045
1680907474985,2023-04-08T00:44:34.985,3.573,-0.004,0.001,0.046
1680907474995,2023-04-08T00:44:34.995,3.583,-0.003,-0.001,0.046
1680907475004,2023-04-08T00:44:35.004,3.592,-0.003,-0.001,0.045
1680907475014,2023-04-08T00:44:35.014,3.602,-0.003,-0.001,0.046
1680907475024,2023-04-08T00:44:35.024,3.612,-0.003,-0.001,0.046
1680907475034,2023-04-08T00:44:35.034,3.622,-0.005,0.002,0.045
1680907475043,2023-04-08T00:44:35.043,3.631,-0.003,-0.000,0.045
1680907475054,2023-04-08T00:44:35.054,3.642,-0.004,-0.001,0.045
1680907475064,2023-04-08T00:44:35.064,3.652,-0.002,0.000,0.046
1680907475074,2023-04-08T00:44:35.074,3.662,-0.004,0.000,0.045
1680907475084,2023-04-08T00:44:35.084,3.672,-0.004,-0.002,0.045
1680907475093,2023-04-08T00:44:35.093,3.681,-0.003,-0.003,0.046
1680907475103,2023-04-08T00:44:35.103,3.691,-0.004,-0.002,0.044
1680907475114,2023-04-08T00:44:35.114,3.702,-0.002,0.000,0.047
1680907475124,2023-04-08T00:44:35.124,3.712,-0.004,-0.002,0.046
1680907475134,2023-04-08T00:44:35.134,3.722,-0.004,-0.001,0.046
1680907475143,2023-04-08T00:44:35.143,3.731,-0.003,0.001,0.046
1680907475153,2023-04-08T00:44:35.153,3.741,-0.004,-0.002,0.044
1680907475163,2023-04-08T00:44:35.163,3.751,-0.004,-0.001,0.045
1680907475174,2023-04-08T00:44:35.174,3.762,-0.003,0.000,0.045
1680907475184,2023-04-08T00:44:35.184,3.772,-0.004,-0.000,0.046
1680907475193,2023-04-08T00:44:35.193,3.781,-0.003,-0.001,0.045
1680907475203,2023-04-08T00:44:35.203,3.791,-0.003,-0.002,0.045
1680907475213,2023-04-08T00:44:35.213,3.801,-0.004,-0.001,0.044
1680907475223,2023-04-08T00:44:35.223,3.811,-0.001,-0.002,0.047
1680907475234,2023-04-08T00:44:35.234,3.822,-0.004,-0.002,0.044
1680907475242,2023-04-08T00:44:35.242,3.830,-0.005,-0.002,0.046
1680907475253,2023-04-08T00:44:35.253,3.841,-0.003,-0.001,0.045
1680907475263,2023-04-08T00:44:35.263,3.851,-0.004,-0.003,0.046
1680907475273,2023-04-08T00:44:35.273,3.861,-0.003,-0.002,0.046
1680907475283,2023-04-08T00:44:35.283,3.871,-0.005,-0.002,0.045
1680907475292,2023-04-08T00:44:35.292,3.880,-0.003,-0.003,0.046
1680907475303,2023-04-08T00:44:35.303,3.891,-0.002,-0.001,0.047
1680907475313,2023-04-08T00:44:35.313,3.901,-0.003,-0.000,0.047
1680907475323,2023-04-08T00:44:35.323,3.911,-0.002,-0.001,0.045
1680907475332,2023-04-08T00:44:35.332,3.920,-0.004,0.000,0.045
1680907475342,2023-04-08T00:44:35.342,3.930,-0.004,-0.001,0.046
1680907475352,2023-04-08T00:44:35.352,3.940,-0.004,-0.002,0.046
1680907475363,2023-04-08T00:44:35.363,3.951,-0.002,-0.001,0.045
1680907475373,2023-04-08T00:44:35.373,3.961,-0.003,-0.003,0.047
1680907475382,2023-04-08T00:44:35.382,3.970,-0.003,-0.002,0.046
1680907475392,2023-04-08T00:44:35.392,3.980,-0.004,-0.001,0.046
1680907475402,2023-04-08T00:44:35.402,3.990,-0.004,-0.002,0.046
1680907475412,2023-04-08T00:44:35.412,4.000,-0.005,-0.001,0.046
1680907475423,2023-04-08T00:44:35.423,4.011,-0.003,-0.001,0.045
1680907475431,2023-04-08T00:44:35.431,4.019,-0.004,-0.001,0.046
1680907475442,2023-04-08T00:44:35.442,4.030,-0.004,-0.001,0.046
1680907475452,2023-04-08T00:44:35.452,4.040,-0.004,-0.001,0.045
1680907475462,2023-04-08T00:44:35.462,4.050,-0.003,-0.001,0.046
1680907475472,2023-04-08T00:44:35.472,4.060,-0.003,0.000,0.043
1680907475481,2023-04-08T00:44:35.481,4.069,-0.003,-0.002,0.045
1680907475491,2023-04-08T00:44:35.491,4.079,-0.002,-0.002,0.046
1680907475502,2023-04-08T00:44:35.502,4.090,-0.003,0.000,0.046
1680907475512,2023-04-08T00:44:35.512,4.100,-0.005,0.001,0.044
1680907475522,2023-04-08T00:44:35.522,4.110,-0.004,-0.002,0.045
1680907475531,2023-04-08T00:44:35.531,4.119,-0.003,-0.001,0.046
1680907475541,2023-04-08T00:44:35.541,4.129,-0.005,-0.002,0.045
1680907475552,2023-04-08T00:44:35.552,4.140,-0.003,-0.002,0.046
1680907475562,2023-04-08T00:44:35.562,4.150,-0.003,-0.000,0.046
1680907475571,2023-04-08T00:44:35.571,4.159,-0.003,-0.001,0.046
1680907475581,2023-04-08T00:44:35.581,4.169,-0.003,-0.001,0.046
1680907475591,2023-04-08T00:44:35.591,4.179,-0.004,-0.001,0.045
1680907475601,2023-04-08T00:44:35.601,4.189,-0.004,-0.000,0.046
1680907475612,2023-04-08T00:44:35.612,4.200,-0.004,-0.000,0.043
1680907475620,2023-04-08T00:44:35.620,4.208,-0.004,-0.001,0.045
1680907475631,2023-04-08T00:44:35.631,4.219,-0.004,-0.001,0.043
1680907475641,2023-04-08T00:44:35.641,4.229,-0.004,-0.000,0.047
1680907475651,2023-04-08T00:44:35.651,4.239,-0.004,-0.001,0.046
1680907475661,2023-04-08T00:44:35.661,4.249,-0.004,-0.002,0.046
1680907475670,2023-04-08T00:44:35.670,4.258,-0.002,-0.002,0.046
1680907475680,2023-04-08T00:44:35.680,4.268,-0.005,-0.002,0.046
1680907475691,2023-04-08T00:44:35.691,4.279,-0.003,-0.001,0.045
1680907475701,2023-04-08T00:44:35.701,4.289,-0.004,0.000,0.045
1680907475711,2023-04-08T00:44:35.711,4.299,-0.005,-0.001,0.045
1680907475720,2023-04-08T00:44:35.720,4.308,-0.004,-0.001,0.046
1680907475730,2023-04-08T00:44:35.730,4.318,-0.004,-0.002,0.046
1680907475741,2023-04-08T00:44:35.741,4.329,-0.004,-0.002,0.043
1680907475751,2023-04-08T00:44:35.751,4.339,-0.004,-0.002,0.046
1680907475761,2023-04-08T00:44:35.761,4.349,-0.003,-0.003,0.045
1680907475770,2023-04-08T00:44:35.770,4.358,-0.002,-0.002,0.045
1680907475780,2023-04-08T00:44:35.780,4.368,-0.004,-0.001,0.046
1680907475790,2023-04-08T00:44:35.790,4.378,-0.004,-0.001,0.046
1680907475801,2023-04-08T00:44:35.801,4.389,-0.002,-0.001,0.045
1680907475809,2023-04-08T00:44:35.809,4.397,-0.004,-0.000,0.045
1680907475820,2023-04-08T00:44:35.820,4.408,-0.002,-0.000,0.046
1680907475830,2023-04-08T00:44:35.830,4.418,-0.003,-0.001,0.044
1680907475840,2023-04-08T00:44:35.840,4.428,-0.003,-0.001,0.046
1680907475850,2023-04-08T00:44:35.850,4.438,-0.004,-0.002,0.046
1680907475859,2023-04-08T00:44:35.859,4.447,-0.004,-0.001,0.046
1680907475869,2023-04-08T00:44:35.869,4.457,-0.003,-0.001,0.046
1680907475880,2023-04-08T00:44:35.880,4.468,-0.003,-0.002,0.045
1680907475890,2023-04-08T00:44:35.890,4.478,-0.002,0.000,0.045
1680907475900,2023-04-08T00:44:35.900,4.488,-0.004,-0.000,0.045
1680907475909,2023-04-08T00:44:35.909,4.497,-0.004,-0.001,0.045
1680907475919,2023-04-08T00:44:35.919,4.507,-0.004,-0.001,0.044
1680907475929,2023-04-08T00:44:35.929,4.517,-0.004,-0.002,0.044
1680907475940,2023-04-08T00:44:35.940,4.528,-0.005,-0.001,0.046
1680907475950,2023-04-08T00:44:35.950,4.538,-0.004,-0.001,0.046
1680907475959,2023-04-08T00:44:35.959,4.547,-0.003,-0.001,0.047
1680907475969,2023-04-08T00:44:35.969,4.557,-0.003,-0.001,0.046
1680907475979,2023-04-08T00:44:35.979,4.567,-0.002,-0.000,0.044
1680907475990,2023-04-08T00:44:35.990,4.578,-0.004,-0.001,0.044
1680907476000,2023-04-08T00:44:36.000,4.588,-0.003,-0.002,0.046
1680907476009,2023-04-08T00:44:36.009,4.597,-0.004,-0.000,0.046
1680907476019,2023-04-08T00:44:36.019,4.607,-0.002,-0.001,0.046
1680907476029,2023-04-08T00:44:36.029,4.617,-0.002,-0.002,0.046
1680907476039,2023-04-08T00:44:36.039,4.627,-0.004,-0.003,0.046
1680907476050,2023-04-08T00:44:36.050,4.638,-0.002,-0.001,0.045
1680907476058,2023-04-08T00:44:36.058,4.646,-0.003,-0.000,0.045
1680907476069,2023-04-08T00:44:36.069,4.657,-0.004,-0.001,0.045
1680907476079,2023-04-08T00:44:36.079,4.667,-0.004,-0.004,0.047
1680907476089,2023-04-08T00:44:36.089,4.677,-0.003,-0.002,0.046
1680907476098,2023-04-08T00:44:36.098,4.686,-0.002,-0.002,0.045
1680907476108,2023-04-08T00:44:36.108,4.696,-0.002,-0.002,0.045
1680907476118,2023-04-08T00:44:36.118,4.706,-0.004,-0.003,0.044
1680907476129,2023-04-08T00:44:36.129,4.717,-0.003,-0.002,0.043
1680907476139,2023-04-08T00:44:36.139,4.727,-0.005,-0.002,0.046
1680907476148,2023-04-08T00:44:36.148,4.736,-0.003,-0.002,0.045
1680907476158,2023-04-08T00:44:36.158,4.746,-0.004,-0.003,0.046
1680907476168,2023-04-08T00:44:36.168,4.756,-0.002,-0.001,0.045
1680907476179,2023-04-08T00:44:36.179,4.767,-0.003,-0.002,0.046
1680907476189,2023-04-08T00:44:36.189,4.777,-0.004,-0.002,0.046
1680907476198,2023-04-08T00:44:36.198,4.786,-0.005,-0.002,0.046
1680907476208,2023-04-08T00:44:36.208,4.796,-0.004,-0.004,0.043
1680907476218,2023-04-08T00:44:36.218,4.806,0.001,-0.028,0.043
1680907476228,2023-04-08T00:44:36.228,4.816,-0.008,-0.024,0.042
1680907476239,2023-04-08T00:44:36.239,4.827,-0.015,0.020,0.045
1680907476249,2023-04-08T00:44:36.249,4.837,-0.061,-0.020,0.060
1680907476258,2023-04-08T00:44:36.258,4.846,-0.126,-0.058,0.053
1680907476268,2023-04-08T00:44:36.268,4.856,0.133,0.065,0.027
1680907476278,2023-04-08T00:44:36.278,4.866,0.070,0.024,0.044
1680907476288,2023-04-08T00:44:36.288,4.876,-0.019,-0.007,0.045
1680907476297,2023-04-08T00:44:36.297,4.885,0.006,0.000,0.047
1680907476307,2023-04-08T00:44:36.307,4.895,0.017,-0.005,0.049
1680907476318,2023-04-08T00:44:36.318,4.906,-0.005,-0.010,0.044
1680907476328,2023-04-08T00:44:36.328,4.916,-0.004,-0.019,0.044
1680907476337,2023-04-08T00:44:36.337,4.925,-0.008,-0.009,0.044
1680907476347,2023-04-08T00:44:36.347,4.935,-0.007,0.017,0.043
1680907476357,2023-04-08T00:44:36.357,4.945,-0.004,-0.045,0.043
1680907476367,2023-04-08T00:44:36.367,4.955,-0.007,-0.001,0.044
1680907476378,2023-04-08T00:44:36.378,4.966,-0.011,0.005,0.044
1680907476387,2023-04-08T00:44:36.387,4.975,-0.009,0.003,0.046
1680907476397,2023-04-08T00:44:36.397,4.985,-0.002,0.006,0.043
1680907476407,2023-04-08T00:44:36.407,4.995,0.013,0.022,0.043
1680907476417,2023-04-08T00:44:36.417,5.005,0.004,0.010,0.044
1680907476428,2023-04-08T00:44:36.428,5.016,-0.003,-0.005,0.045
1680907476436,2023-04-08T00:44:36.436,5.024,-0.003,-0.003,0.046
1680907476447,2023-04-08T00:44:36.447,5.035,-0.002,-0.005,0.046
1680907476457,2023-04-08T00:44:36.457,5.045,-0.001,-0.006,0.046
1680907476467,2023-04-08T00:44:36.467,5.055,0.001,0.001,0.047
1680907476477,2023-04-08T00:44:36.477,5.065,-0.001,0.009,0.044
1680907476488,2023-04-08T00:44:36.488,5.076,0.001,0.003,0.042
1680907476496,2023-04-08T00:44:36.496,5.084,0.001,-0.008,0.046
1680907476507,2023-04-08T00:44:36.507,5.095,0.001,-0.008,0.046
1680907476517,2023-04-08T00:44:36.517,5.105,-0.001,-0.007,0.045
1680907476527,2023-04-08T00:44:36.527,5.115,-0.003,-0.007,0.044
1680907476536,2023-04-08T00:44:36.536,5.124,-0.002,-0.005,0.048
1680907476546,2023-04-08T00:44:36.546,5.134,0.000,-0.002,0.046
1680907476556,2023-04-08T00:44:36.556,5.144,0.000,-0.004,0.045
1680907476567,2023-04-08T00:44:36.567,5.155,0.000,-0.001,0.044
1680907476575,2023-04-08T00:44:36.575,5.163,-0.003,0.004,0.045
1680907476586,2023-04-08T00:44:36.586,5.174,-0.008,-0.001,0.047
1680907476596,2023-04-08T00:44:36.596,5.184,-0.003,-0.003,0.044
1680907476606,2023-04-08T00:44:36.606,5.194,-0.001,-0.002,0.043
1680907476616,2023-04-08T00:44:36.616,5.204,-0.001,0.001,0.043
1680907476625,2023-04-08T00:44:36.625,5.213,-0.000,0.003,0.043
1680907476636,2023-04-08T00:44:36.636,5.224,0.000,0.001,0.046
1680907476646,2023-04-08T00:44:36.646,5.234,-0.001,-0.002,0.044
1680907476656,2023-04-08T00:44:36.656,5.244,-0.001,-0.002,0.045
1680907476666,2023-04-08T00:44:36.666,5.254,0.000,-0.003,0.046
1680907476675,2023-04-08T00:44:36.675,5.263,0.001,-0.000,0.045
1680907476685,2023-04-08T00:44:36.685,5.273,0.000,0.001,0.046
1680907476696,2023-04-08T00:44:36.696,5.284,0.001,-0.002,0.046
1680907476706,2023-04-08T00:44:36.706,5.294,-0.002,-0.004,0.046
1680907476716,2023-04-08T00:44:36.716,5.304,-0.001,-0.001,0.045
1680907476725,2023-04-08T00:44:36.725,5.313,-0.001,0.000,0.044
1680907476735,2023-04-08T00:44:36.735,5.323,-0.000,-0.004,0.045
1680907476745,2023-04-08T00:44:36.745,5.333,-0.002,-0.006,0.046
1680907476756,2023-04-08T00:44:36.756,5.344,-0.001,-0.000,0.046
1680907476766,2023-04-08T00:44:36.766,5.354,-0.002,0.004,0.046
1680907476775,2023-04-08T00:44:36.775,5.363,-0.000,0.000,0.046
1680907476785,2023-04-08T00:44:36.785,5.373,0.000,-0.002,0.046
1680907476795,2023-04-08T00:44:36.795,5.383,-0.000,-0.004,0.046
1680907476805,2023-04-08T00:44:36.805,5.393,-0.001,-0.004,0.043
1680907476816,2023-04-08T00:44:36.816,5.404,-0.001,-0.001,0.044
1680907476825,2023-04-08T00:44:36.825,5.413,0.002,0.001,0.045
1680907476835,2023-04-08T00:44:36.835,5.423,-0.001,0.001,0.045
1680907476845,2023-04-08T00:44:36.845,5.433,-0.000,-0.002,0.046
1680907476855,2023-04-08T00:44:36.855,5.443,-0.003,-0.001,0.046
1680907476864,2023-04-08T00:44:36.864,5.452,-0.002,-0.002,0.044
1680907476874,2023-04-08T00:44:36.874,5.462,-0.001,0.000,0.047
1680907476885,2023-04-08T00:44:36.885,5.473,0.000,-0.001,0.047
1680907476895,2023-04-08T00:44:36.895,5.483,0.000,-0.001,0.047
1680907476905,2023-04-08T00:44:36.905,5.493,-0.000,0.001,0.046
1680907476914,2023-04-08T00:44:36.914,5.502,-0.001,-0.001,0.045
1680907476924,2023-04-08T00:44:36.924,5.512,-0.001,-0.000,0.045
1680907476934,2023-04-08T00:44:36.934,5.522,-0.000,-0.000,0.045
1680907476945,2023-04-08T00:44:36.945,5.533,-0.001,-0.002,0.045
1680907476955,2023-04-08T00:44:36.955,5.543,-0.001,-0.001,0.044
1680907476964,2023-04-08T00:44:36.964,5.552,-0.001,-0.000,0.047
1680907476974,2023-04-08T00:44:36.974,5.562,-0.000,-0.001,0.047
1680907476984,2023-04-08T00:44:36.984,5.572,-0.000,-0.001,0.045
1680907476994,2023-04-08T00:44:36.994,5.582,0.001,-0.001,0.045
1680907477005,2023-04-08T00:44:37.005,5.593,0.001,-0.002,0.046
1680907477013,2023-04-08T00:44:37.013,5.601,-0.003,-0.000,0.046
1680907477024,2023-04-08T00:44:37.024,5.612,-0.001,-0.000,0.045
1680907477034,2023-04-08T00:44:37.034,5.622,-0.001,-0.000,0.046
1680907477044,2023-04-08T00:44:37.044,5.632,-0.003,-0.002,0.046
1680907477054,2023-04-08T00:44:37.054,5.642,-0.003,-0.001,0.045
1680907477063,2023-04-08T00:44:37.063,5.651,-0.001,-0.001,0.046
1680907477074,2023-04-08T00:44:37.074,5.662,-0.001,-0.001,0.046
1680907477084,2023-04-08T00:44:37.084,5.672,-0.003,0.001,0.046
1680907477094,2023-04-08T00:44:37.094,5.682,-0.001,-0.001,0.045
1680907477103,2023-04-08T00:44:37.103,5.691,0.002,-0.001,0.043
1680907477113,2023-04-08T00:44:37.113,5.701,-0.002,-0.000,0.046
1680907477123,2023-04-08T00:44:37.123,5.711,-0.002,-0.002,0.046
1680907477134,2023-04-08T00:44:37.134,5.722,0.000,-0.004,0.045
1680907477144,2023-04-08T00:44:37.144,5.732,-0.002,-0.003,0.045
1680907477153,2023-04-08T00:44:37.153,5.741,0.001,0.004,0.046
1680907477163,2023-04-08T00:44:37.163,5.751,-0.000,0.003,0.045
1680907477173,2023-04-08T00:44:37.173,5.761,-0.001,-0.002,0.044
1680907477183,2023-04-08T00:44:37.183,5.771,-0.001,-0.005,0.044
1680907477194,2023-04-08T00:44:37.194,5.782,-0.002,-0.004,0.045
1680907477202,2023-04-08T00:44:37.202,5.790,-0.001,-0.001,0.045
1680907477213,2023-04-08T00:44:37.213,5.801,0.001,-0.001,0.045
1680907477223,2023-04-08T00:44:37.223,5.811,-0.000,0.001,0.045
1680907477233,2023-04-08T00:44:37.233,5.821,0.000,-0.001,0.046
1680907477243,2023-04-08T00:44:37.243,5.831,-0.000,-0.001,0.046
1680907477252,2023-04-08T00:44:37.252,5.840,0.001,0.001,0.044
1680907477262,2023-04-08T00:44:37.262,5.850,-0.001,-0.001,0.045
1680907477273,2023-04-08T00:44:37.273,5.861,-0.001,-0.004,0.045
1680907477283,2023-04-08T00:44:37.283,5.871,-0.000,0.000,0.045
1680907477293,2023-04-08T00:44:37.293,5.881,-0.000,0.001,0.046
1680907477302,2023-04-08T00:44:37.302,5.890,0.000,-0.001,0.044
1680907477312,2023-04-08T00:44:37.312,5.900,0.001,-0.001,0.045
1680907477323,2023-04-08T00:44:37.323,5.911,0.001,-0.002,0.046
1680907477333,2023-04-08T00:44:37.333,5.921,0.001,-0.001,0.046
1680907477342,2023-04-08T00:44:37.342,5.930,-0.002,-0.002,0.045
1680907477352,2023-04-08T00:44:37.352,5.940,-0.001,-0.003,0.045
1680907477362,2023-04-08T00:44:37.362,5.950,-0.000,-0.004,0.045
1680907477372,2023-04-08T00:44:37.372,5.960,-0.000,-0.000,0.044
1680907477383,2023-04-08T00:44:37.383,5.971,-0.000,0.003,0.045
1680907477391,2023-04-08T00:44:37.391,5.979,-0.001,0.000,0.045
1680907477402,2023-04-08T00:44:37.402,5.990,0.000,-0.002,0.045
1680907477412,2023-04-08T00:44:37.412,6.000,-0.001,0.000,0.045
1680907477422,2023-04-08T00:44:37.422,6.010,0.001,0.001,0.046
1680907477432,2023-04-08T00:44:37.432,6.020,0.000,0.002,0.045
1680907477441,2023-04-08T00:44:37.441,6.029,0.000,0.002,0.046
1680907477453,2023-04-08T00:44:37.453,6.041,0.000,-0.002,0.045
1680907477462,2023-04-08T00:44:37.462,6.050,-0.002,-0.002,0.045
1680907477472,2023-04-08T00:44:37.472,6.060,0.000,-0.002,0.045
1680907477482,2023-04-08T00:44:37.482,6.070,-0.001,-0.003,0.046
1680907477491,2023-04-08T00:44:37.491,6.079,-0.001,-0.000,0.045
1680907477501,2023-04-08T00:44:37.501,6.089,-0.002,-0.000,0.042
1680907477512,2023-04-08T00:44:37.512,6.100,-0.001,0.001,0.046
1680907477522,2023-04-08T00:44:37.522,6.110,-0.000,-0.001,0.044
1680907477532,2023-04-08T00:44:37.532,6.120,0.001,-0.001,0.043
1680907477541,2023-04-08T00:44:37.541,6.129,-0.001,-0.000,0.044
1680907477551,2023-04-08T00:44:37.551,6.139,-0.001,-0.001,0.047
1680907477561,2023-04-08T00:44:37.561,6.149,-0.000,-0.001,0.045
1680907477572,2023-04-08T00:44:37.572,6.160,-0.001,0.000,0.045
1680907477582,2023-04-08T00:44:37.582,6.170,-0.002,0.002,0.046
1680907477591,2023-04-08T00:44:37.591,6.179,-0.002,-0.001,0.045
1680907477601,2023-04-08T00:44:37.601,6.189,0.000,-0.003,0.045
1680907477611,2023-04-08T00:44:37.611,6.199,-0.000,-0.002,0.046
1680907477621,2023-04-08T00:44:37.621,6.209,-0.001,-0.002,0.044
1680907477630,2023-04-08T00:44:37.630,6.218,-0.001,-0.001,0.045
1680907477640,2023-04-08T00:44:37.640,6.228,-0.000,0.000,0.044
1680907477651,2023-04-08T00:44:37.651,6.239,0.000,0.000,0.044
1680907477661,2023-04-08T00:44:37.661,6.249,0.001,-0.001,0.044
1680907477671,2023-04-08T00:44:37.671,6.259,-0.002,-0.002,0.044
1680907477680,2023-04-08T00:44:37.680,6.268,-0.001,-0.002,0.046
1680907477690,2023-04-08T00:44:37.690,6.278,0.000,-0.001,0.044
1680907477700,2023-04-08T00:44:37.700,6.288,0.000,0.001,0.044
1680907477711,2023-04-08T00:44:37.711,6.299,-0.000,-0.002,0.046
1680907477721,2023-04-08T00:44:37.721,6.309,-0.001,0.000,0.044
1680907477730,2023-04-08T00:44:37.730,6.318,-0.000,0.000,0.045
1680907477740,2023-04-08T00:44:37.740,6.328,0.001,-0.000,0.045
1680907477750,2023-04-08T00:44:37.750,6.338,0.000,0.001,0.046
1680907477761,2023-04-08T00:44:37.761,6.349,-0.001,0.000,0.045
1680907477771,2023-04-08T00:44:37.771,6.359,-0.000,-0.001,0.045
1680907477780,2023-04-08T00:44:37.780,6.368,0.001,-0.000,0.045
1680907477790,2023-04-08T00:44:37.790,6.378,0.001,-0.001,0.043
1680907477800,2023-04-08T00:44:37.800,6.388,-0.000,-0.000,0.044
1680907477810,2023-04-08T00:44:37.810,6.398,-0.000,-0.001,0.047
1680907477821,2023-04-08T00:44:37.821,6.409,-0.001,-0.000,0.044
1680907477829,2023-04-08T00:44:37.829,6.417,0.001,0.002,0.046
1680907477840,2023-04-08T00:44:37.840,6.428,0.002,-0.000,0.046
1680907477850,2023-04-08T00:44:37.850,6.438,-0.001,-0.001,0.045
1680907477860,2023-04-08T00:44:37.860,6.448,-0.002,-0.000,0.046
1680907477869,2023-04-08T00:44:37.869,6.457,-0.002,-0.001,0.045
1680907477879,2023-04-08T00:44:37.879,6.467,-0.001,-0.000,0.045
1680907477889,2023-04-08T00:44:37.889,6.477,-0.001,-0.000,0.045
1680907477900,2023-04-08T00:44:37.900,6.488,0.000,-0.000,0.044
1680907477910,2023-04-08T00:44:37.910,6.498,-0.000,-0.000,0.045
1680907477919,2023-04-08T00:44:37.919,6.507,-0.002,-0.000,0.045
1680907477929,2023-04-08T00:44:37.929,6.517,0.000,-0.002,0.045
1680907477939,2023-04-08T00:44:37.939,6.527,0.001,-0.000,0.045
1680907477950,2023-04-08T00:44:37.950,6.538,-0.001,-0.000,0.046
1680907477960,2023-04-08T00:44:37.960,6.548,-0.002,-0.002,0.046
1680907477969,2023-04-08T00:44:37.969,6.557,-0.000,0.000,0.045
1680907477979,2023-04-08T00:44:37.979,6.567,-0.000,0.001,0.046
1680907477989,2023-04-08T00:44:37.989,6.577,0.001,-0.000,0.046
1680907477999,2023-04-08T00:44:37.999,6.587,-0.001,0.001,0.045
1680907478010,2023-04-08T00:44:38.010,6.598,-0.001,0.002,0.045
1680907478020,2023-04-08T00:44:38.020,6.608,-0.002,0.000,0.045
1680907478029,2023-04-08T00:44:38.029,6.617,-0.002,-0.001,0.046
1680907478039,2023-04-08T00:44:38.039,6.627,0.001,-0.001,0.044
1680907478049,2023-04-08T00:44:38.049,6.637,0.000,-0.001,0.044
1680907478059,2023-04-08T00:44:38.059,6.647,-0.001,0.001,0.046
1680907478068,2023-04-08T00:44:38.068,6.656,-0.003,0.001,0.044
1680907478078,2023-04-08T00:44:38.078,6.666,-0.002,0.001,0.046
1680907478089,2023-04-08T00:44:38.089,6.677,-0.001,0.000,0.047
1680907478099,2023-04-08T00:44:38.099,6.687,0.001,0.002,0.046
1680907478108,2023-04-08T00:44:38.108,6.696,-0.002,0.000,0.044
1680907478118,2023-04-08T00:44:38.118,6.706,-0.002,-0.001,0.046
1680907478128,2023-04-08T00:44:38.128,6.716,0.000,0.000,0.046
1680907478138,2023-04-08T00:44:38.138,6.726,0.001,0.000,0.045
1680907478149,2023-04-08T00:44:38.149,6.737,-0.002,-0.002,0.044
1680907478158,2023-04-08T00:44:38.158,6.746,-0.001,0.000,0.046
1680907478168,2023-04-08T00:44:38.168,6.756,0.000,0.001,0.045
1680907478178,2023-04-08T00:44:38.178,6.766,-0.000,-0.002,0.045
1680907478188,2023-04-08T00:44:38.188,6.776,0.001,-0.002,0.045
1680907478199,2023-04-08T00:44:38.199,6.787,-0.000,-0.001,0.044
1680907478209,2023-04-08T00:44:38.209,6.797,-0.000,-0.001,0.045
1680907478218,2023-04-08T00:44:38.218,6.806,0.000,-0.001,0.044
1680907478228,2023-04-08T00:44:38.228,6.816,-0.001,0.001,0.045
1680907478238,2023-04-08T00:44:38.238,6.826,0.000,0.000,0.044
1680907478248,2023-04-08T00:44:38.248,6.836,-0.001,0.001,0.044
1680907478257,2023-04-08T00:44:38.257,6.845,-0.001,0.001,0.045
1680907478267,2023-04-08T00:44:38.267,6.855,-0.002,-0.001,0.046
1680907478278,2023-04-08T00:44:38.278,6.866,-0.001,-0.001,0.045
1680907478288,2023-04-08T00:44:38.288,6.876,-0.001,-0.001,0.045
1680907478298,2023-04-08T00:44:38.298,6.886,-0.001,-0.003,0.045
1680907478307,2023-04-08T00:44:38.307,6.895,-0.001,-0.001,0.044
1680907478317,2023-04-08T00:44:38.317,6.905,-0.000,-0.001,0.046
1680907478327,2023-04-08T00:44:38.327,6.915,-0.002,-0.001,0.046
1680907478338,2023-04-08T00:44:38.338,6.926,0.000,-0.000,0.045
1680907478348,2023-04-08T00:44:38.348,6.936,0.000,0.001,0.045
1680907478357,2023-04-08T00:44:38.357,6.945,-0.002,0.001,0.045
1680907478367,2023-04-08T00:44:38.367,6.955,-0.001,0.000,0.045
1680907478377,2023-04-08T00:44:38.377,6.965,-0.000,-0.001,0.045
1680907478387,2023-04-08T00:44:38.387,6.975,0.002,0.000,0.045
1680907478396,2023-04-08T00:44:38.396,6.984,0.001,0.000,0.045
1680907478407,2023-04-08T00:44:38.407,6.995,-0.001,0.000,0.046
1680907478417,2023-04-08T00:44:38.417,7.005,-0.002,0.000,0.045
1680907478427,2023-04-08T00:44:38.427,7.015,-0.001,0.001,0.045
1680907478437,2023-04-08T00:44:38.437,7.025,0.001,0.002,0.045
1680907478446,2023-04-08T00:44:38.446,7.034,0.000,0.001,0.045
1680907478456,2023-04-08T00:44:38.456,7.044,0.001,0.001,0.046
1680907478467,2023-04-08T00:44:38.467,7.055,0.001,-0.000,0.045
1680907478477,2023-04-08T00:44:38.477,7.065,-0.001,0.000,0.044
1680907478487,2023-04-08T00:44:38.487,7.075,-0.000,0.001,0.045
1680907478496,2023-04-08T00:44:38.496,7.084,-0.001,0.000,0.045
1680907478506,2023-04-08T00:44:38.506,7.094,-0.002,0.001,0.045
1680907478516,2023-04-08T00:44:38.516,7.104,-0.002,0.000,0.045
1680907478527,2023-04-08T00:44:38.527,7.115,0.001,-0.001,0.045
1680907478537,2023-04-08T00:44:38.537,7.125,0.001,-0.001,0.045
1680907478546,2023-04-08T00:44:38.546,7.134,-0.001,0.001,0.045
1680907478556,2023-04-08T00:44:38.556,7.144,-0.001,-0.000,0.046
1680907478566,2023-04-08T00:44:38.566,7.154,-0.001,-0.001,0.045
1680907478576,2023-04-08T00:44:38.576,7.164,-0.001,-0.000,0.044
1680907478587,2023-04-08T00:44:38.587,7.175,-0.000,-0.000,0.045
1680907478596,2023-04-08T00:44:38.596,7.184,0.001,0.001,0.046
1680907478606,2023-04-08T00:44:38.606,7.194,-0.001,-0.000,0.045
1680907478616,2023-04-08T00:44:38.616,7.204,-0.000,0.001,0.045
1680907478626,2023-04-08T00:44:38.626,7.214,-0.001,-0.000,0.046
1680907478635,2023-04-08T00:44:38.635,7.223,-0.001,-0.001,0.045
1680907478645,2023-04-08T00:44:38.645,7.233,0.001,0.000,0.045
1680907478656,2023-04-08T00:44:38.656,7.244,0.003,0.001,0.045
1680907478666,2023-04-08T00:44:38.666,7.254,0.001,-0.000,0.045
1680907478676,2023-04-08T00:44:38.676,7.264,-0.001,-0.001,0.046
1680907478685,2023-04-08T00:44:38.685,7.273,-0.001,-0.003,0.044
1680907478695,2023-04-08T00:44:38.695,7.283,-0.001,-0.001,0.047
1680907478705,2023-04-08T00:44:38.705,7.293,0.002,0.000,0.046
1680907478716,2023-04-08T00:44:38.716,7.304,0.000,-0.000,0.044
1680907478726,2023-04-08T00:44:38.726,7.314,-0.001,-0.001,0.045
1680907478735,2023-04-08T00:44:38.735,7.323,-0.001,-0.000,0.046
1680907478745,2023-04-08T00:44:38.745,7.333,-0.001,-0.002,0.045
1680907478755,2023-04-08T00:44:38.755,7.343,0.000,0.000,0.045
1680907478765,2023-04-08T00:44:38.765,7.353,0.000,-0.001,0.046
1680907478776,2023-04-08T00:44:38.776,7.364,-0.001,-0.000,0.045
1680907478784,2023-04-08T00:44:38.784,7.372,-0.002,0.000,0.045
1680907478795,2023-04-08T00:44:38.795,7.383,-0.001,-0.000,0.047
1680907478805,2023-04-08T00:44:38.805,7.393,-0.000,-0.001,0.046
1680907478815,2023-04-08T00:44:38.815,7.403,0.000,0.001,0.045
1680907478825,2023-04-08T00:44:38.825,7.413,-0.000,0.001,0.045
1680907478834,2023-04-08T00:44:38.834,7.422,-0.002,-0.000,0.047
1680907478845,2023-04-08T00:44:38.845,7.433,0.000,-0.001,0.045
1680907478855,2023-04-08T00:44:38.855,7.443,-0.000,-0.001,0.045
1680907478865,2023-04-08T00:44:38.865,7.453,-0.002,-0.001,0.046
1680907478874,2023-04-08T00:44:38.874,7.462,0.002,0.000,0.045
1680907478884,2023-04-08T00:44:38.884,7.472,-0.000,-0.001,0.045
1680907478894,2023-04-08T00:44:38.894,7.482,-0.000,-0.002,0.045
1680907478905,2023-04-08T00:44:38.905,7.493,0.000,-0.000,0.045
1680907478915,2023-04-08T00:44:38.915,7.503,0.000,-0.000,0.045
1680907478924,2023-04-08T00:44:38.924,7.512,-0.000,-0.001,0.045
1680907478934,2023-04-08T00:44:38.934,7.522,-0.001,-0.001,0.045
1680907478944,2023-04-08T00:44:38.944,7.532,-0.001,-0.001,0.045
1680907478954,2023-04-08T00:44:38.954,7.542,-0.001,-0.001,0.046
1680907478965,2023-04-08T00:44:38.965,7.553,-0.001,-0.000,0.046
1680907478973,2023-04-08T00:44:38.973,7.561,-0.001,0.001,0.045
1680907478985,2023-04-08T00:44:38.985,7.573,0.000,-0.001,0.044
1680907478994,2023-04-08T00:44:38.994,7.582,-0.001,-0.001,0.045
1680907479004,2023-04-08T00:44:39.004,7.592,0.000,0.001,0.045
1680907479014,2023-04-08T00:44:39.014,7.602,0.001,0.000,0.045
1680907479023,2023-04-08T00:44:39.023,7.611,0.002,-0.000,0.045
1680907479033,2023-04-08T00:44:39.033,7.621,0.000,0.002,0.043
1680907479044,2023-04-08T00:44:39.044,7.632,0.000,0.001,0.045
1680907479054,2023-04-08T00:44:39.054,7.642,0.000,-0.001,0.047
1680907479064,2023-04-08T00:44:39.064,7.652,-0.001,-0.001,0.045
1680907479073,2023-04-08T00:44:39.073,7.661,-0.001,-0.000,0.045
1680907479083,2023-04-08T00:44:39.083,7.671,0.001,-0.000,0.046
1680907479094,2023-04-08T00:44:39.094,7.682,0.001,-0.001,0.045
1680907479104,2023-04-08T00:44:39.104,7.692,0.002,-0.001,0.046
1680907479114,2023-04-08T00:44:39.114,7.702,-0.000,-0.001,0.045
1680907479123,2023-04-08T00:44:39.123,7.711,0.001,-0.001,0.046
1680907479133,2023-04-08T00:44:39.133,7.721,0.000,-0.001,0.046
1680907479143,2023-04-08T00:44:39.143,7.731,-0.000,-0.001,0.047
1680907479154,2023-04-08T00:44:39.154,7.742,-0.002,-0.001,0.045
1680907479162,2023-04-08T00:44:39.162,7.750,-0.000,-0.000,0.044
1680907479173,2023-04-08T00:44:39.173,7.761,-0.000,-0.000,0.045
1680907479183,2023-04-08T00:44:39.183,7.771,-0.006,-0.001,0.045
1680907479193,2023-04-08T00:44:39.193,7.781,-0.005,0.001,0.044
1680907479203,2023-04-08T00:44:39.203,7.791,0.009,-0.001,0.046
1680907479212,2023-04-08T00:44:39.212,7.800,0.006,-0.000,0.045
1680907479222,2023-04-08T00:44:39.222,7.810,0.001,-0.000,0.045
1680907479233,2023-04-08T00:44:39.233,7.821,-0.001,-0.001,0.045
1680907479243,2023-04-08T00:44:39.243,7.831,-0.001,-0.002,0.044
1680907479253,2023-04-08T00:44:39.253,7.841,-0.001,-0.000,0.045
1680907479262,2023-04-08T00:44:39.262,7.850,-0.003,0.000,0.045
1680907479272,2023-04-08T00:44:39.272,7.860,-0.002,-0.001,0.046
1680907479283,2023-04-08T00:44:39.283,7.871,0.002,0.001,0.045
1680907479293,2023-04-08T00:44:39.293,7.881,0.004,0.001,0.044
1680907479303,2023-04-08T00:44:39.303,7.891,-0.001,-0.000,0.045
1680907479312,2023-04-08T00:44:39.312,7.900,-0.001,0.001,0.046
1680907479322,2023-04-08T00:44:39.322,7.910,-0.000,-0.001,0.044
1680907479332,2023-04-08T00:44:39.332,7.920,0.000,0.001,0.045
1680907479343,2023-04-08T00:44:39.343,7.931,-0.001,0.000,0.045
1680907479353,2023-04-08T00:44:39.353,7.941,-0.001,0.001,0.045
1680907479362,2023-04-08T00:44:39.362,7.950,0.002,0.001,0.045
1680907479372,2023-04-08T00:44:39.372,7.960,-0.001,0.001,0.045
1680907479382,2023-04-08T00:44:39.382,7.970,-0.000,-0.000,0.047
1680907479392,2023-04-08T00:44:39.392,7.980,0.001,-0.000,0.047
1680907479401,2023-04-08T00:44:39.401,7.989,-0.001,-0.001,0.045
1680907479411,2023-04-08T00:44:39.411,7.999,-0.001,-0.001,0.045
1680907479422,2023-04-08T00:44:39.422,8.010,-0.000,-0.000,0.046
1680907479432,2023-04-08T00:44:39.432,8.020,-0.001,-0.000,0.044
1680907479442,2023-04-08T00:44:39.442,8.030,-0.000,0.001,0.043
1680907479451,2023-04-08T00:44:39.451,8.039,0.002,-0.001,0.045
1680907479461,2023-04-08T00:44:39.461,8.049,0.002,-0.001,0.044
1680907479471,2023-04-08T00:44:39.471,8.059,0.001,0.000,0.045
1680907479482,2023-04-08T00:44:39.482,8.070,0.000,0.002,0.045
1680907479492,2023-04-08T00:44:39.492,8.080,-0.001,0.000,0.045
1680907479501,2023-04-08T00:44:39.501,8.089,-0.000,-0.000,0.046
1680907479511,2023-04-08T00:44:39.511,8.099,0.001,-0.001,0.045
1680907479521,2023-04-08T00:44:39.521,8.109,0.001,-0.000,0.044
1680907479532,2023-04-08T00:44:39.532,8.120,0.001,-0.000,0.045
1680907479542,2023-04-08T00:44:39.542,8.130,0.002,-0.004,0.046
1680907479552,2023-04-08T00:44:39.552,8.140,-0.000,0.002,0.045
1680907479561,2023-04-08T00:44:39.561,8.149,-0.000,0.000,0.045
1680907479571,2023-04-08T00:44:39.571,8.159,-0.004,0.001,0.043
1680907479581,2023-04-08T00:44:39.581,8.169,0.004,-0.001,0.048
1680907479592,2023-04-08T00:44:39.592,8.180,0.001,-0.000,0.044
1680907479600,2023-04-08T00:44:39.600,8.188,-0.001,0.001,0.044
