epoch (ms),time (01:00),elapsed (s),w (number),x (number),y (number), z (number)
1681819831657,2023-04-18T14:10:31.657,0.000,0.836,-0.168,0.522,0.000
1681819831667,2023-04-18T14:10:31.667,0.010,0.836,-0.168,0.522,-0.000
1681819831676,2023-04-18T14:10:31.676,0.019,0.836,-0.168,0.522,-0.001
1681819831686,2023-04-18T14:10:31.686,0.029,0.836,-0.168,0.522,-0.001
1681819831696,2023-04-18T14:10:31.696,0.039,0.836,-0.168,0.522,-0.001
1681819831706,2023-04-18T14:10:31.706,0.049,0.836,-0.167,0.522,-0.002
1681819831717,2023-04-18T14:10:31.717,0.060,0.836,-0.167,0.522,-0.002
1681819831725,2023-04-18T14:10:31.725,0.068,0.836,-0.167,0.522,-0.002
1681819831736,2023-04-18T14:10:31.736,0.079,0.836,-0.167,0.522,-0.003
1681819831746,2023-04-18T14:10:31.746,0.089,0.836,-0.167,0.523,-0.003
1681819831756,2023-04-18T14:10:31.756,0.099,0.836,-0.167,0.523,-0.004
1681819831766,2023-04-18T14:10:31.766,0.109,0.836,-0.167,0.523,-0.005
1681819831775,2023-04-18T14:10:31.775,0.118,0.836,-0.167,0.523,-0.005
1681819831786,2023-04-18T14:10:31.786,0.129,0.836,-0.166,0.523,-0.006
1681819831796,2023-04-18T14:10:31.796,0.139,0.836,-0.166,0.523,-0.007
1681819831806,2023-04-18T14:10:31.806,0.149,0.836,-0.166,0.523,-0.007
1681819831816,2023-04-18T14:10:31.816,0.159,0.836,-0.166,0.523,-0.008
1681819831825,2023-04-18T14:10:31.825,0.168,0.836,-0.165,0.523,-0.009
1681819831835,2023-04-18T14:10:31.835,0.178,0.836,-0.165,0.523,-0.010
1681819831846,2023-04-18T14:10:31.846,0.189,0.836,-0.165,0.523,-0.011
1681819831856,2023-04-18T14:10:31.856,0.199,0.836,-0.165,0.523,-0.011
1681819831866,2023-04-18T14:10:31.866,0.209,0.836,-0.165,0.523,-0.012
1681819831875,2023-04-18T14:10:31.875,0.218,0.836,-0.164,0.523,-0.013
1681819831885,2023-04-18T14:10:31.885,0.228,0.837,-0.164,0.522,-0.014
1681819831895,2023-04-18T14:10:31.895,0.238,0.837,-0.164,0.522,-0.014
1681819831906,2023-04-18T14:10:31.906,0.249,0.837,-0.163,0.522,-0.015
1681819831914,2023-04-18T14:10:31.914,0.257,0.837,-0.163,0.522,-0.016
1681819831925,2023-04-18T14:10:31.925,0.268,0.837,-0.162,0.522,-0.017
1681819831935,2023-04-18T14:10:31.935,0.278,0.837,-0.162,0.522,-0.018
1681819831945,2023-04-18T14:10:31.945,0.288,0.837,-0.161,0.522,-0.019
1681819831955,2023-04-18T14:10:31.955,0.298,0.837,-0.161,0.522,-0.021
1681819831964,2023-04-18T14:10:31.964,0.307,0.837,-0.161,0.522,-0.022
1681819831974,2023-04-18T14:10:31.974,0.317,0.837,-0.161,0.523,-0.024
1681819831985,2023-04-18T14:10:31.985,0.328,0.836,-0.160,0.524,-0.025
1681819831995,2023-04-18T14:10:31.995,0.338,0.836,-0.159,0.524,-0.027
1681819832005,2023-04-18T14:10:32.005,0.348,0.836,-0.159,0.524,-0.029
1681819832014,2023-04-18T14:10:32.014,0.357,0.836,-0.159,0.525,-0.031
1681819832024,2023-04-18T14:10:32.024,0.367,0.835,-0.160,0.525,-0.033
1681819832035,2023-04-18T14:10:32.035,0.378,0.835,-0.161,0.526,-0.034
1681819832045,2023-04-18T14:10:32.045,0.388,0.833,-0.164,0.527,-0.034
1681819832055,2023-04-18T14:10:32.055,0.398,0.833,-0.165,0.527,-0.034
1681819832064,2023-04-18T14:10:32.064,0.407,0.833,-0.166,0.527,-0.035
1681819832074,2023-04-18T14:10:32.074,0.417,0.832,-0.166,0.528,-0.037
1681819832084,2023-04-18T14:10:32.084,0.427,0.832,-0.166,0.529,-0.038
1681819832095,2023-04-18T14:10:32.095,0.438,0.831,-0.165,0.529,-0.039
1681819832105,2023-04-18T14:10:32.105,0.448,0.831,-0.164,0.530,-0.040
1681819832114,2023-04-18T14:10:32.114,0.457,0.830,-0.164,0.531,-0.041
1681819832124,2023-04-18T14:10:32.124,0.467,0.830,-0.162,0.532,-0.043
1681819832134,2023-04-18T14:10:32.134,0.477,0.830,-0.161,0.533,-0.045
1681819832144,2023-04-18T14:10:32.144,0.487,0.829,-0.159,0.534,-0.046
1681819832155,2023-04-18T14:10:32.155,0.498,0.829,-0.157,0.534,-0.048
1681819832163,2023-04-18T14:10:32.163,0.506,0.829,-0.155,0.535,-0.050
1681819832174,2023-04-18T14:10:32.174,0.517,0.829,-0.154,0.535,-0.051
1681819832184,2023-04-18T14:10:32.184,0.527,0.829,-0.153,0.536,-0.053
1681819832194,2023-04-18T14:10:32.194,0.537,0.828,-0.152,0.537,-0.054
1681819832203,2023-04-18T14:10:32.203,0.546,0.828,-0.150,0.538,-0.056
1681819832215,2023-04-18T14:10:32.215,0.558,0.827,-0.149,0.540,-0.057
1681819832224,2023-04-18T14:10:32.224,0.567,0.826,-0.148,0.541,-0.059
1681819832234,2023-04-18T14:10:32.234,0.577,0.824,-0.147,0.543,-0.060
1681819832244,2023-04-18T14:10:32.244,0.587,0.823,-0.146,0.545,-0.061
1681819832253,2023-04-18T14:10:32.253,0.596,0.822,-0.145,0.547,-0.062
1681819832263,2023-04-18T14:10:32.263,0.606,0.820,-0.144,0.550,-0.063
1681819832273,2023-04-18T14:10:32.273,0.616,0.819,-0.143,0.552,-0.063
1681819832284,2023-04-18T14:10:32.284,0.627,0.818,-0.142,0.554,-0.063
1681819832294,2023-04-18T14:10:32.294,0.637,0.817,-0.139,0.556,-0.064
1681819832303,2023-04-18T14:10:32.303,0.646,0.816,-0.137,0.558,-0.065
1681819832313,2023-04-18T14:10:32.313,0.656,0.815,-0.135,0.560,-0.065
1681819832323,2023-04-18T14:10:32.323,0.666,0.814,-0.133,0.562,-0.066
1681819832333,2023-04-18T14:10:32.333,0.676,0.813,-0.131,0.564,-0.067
1681819832344,2023-04-18T14:10:32.344,0.687,0.812,-0.129,0.566,-0.067
1681819832352,2023-04-18T14:10:32.352,0.695,0.811,-0.127,0.567,-0.068
1681819832363,2023-04-18T14:10:32.363,0.706,0.810,-0.126,0.568,-0.070
1681819832373,2023-04-18T14:10:32.373,0.716,0.810,-0.124,0.569,-0.071
1681819832383,2023-04-18T14:10:32.383,0.726,0.809,-0.123,0.570,-0.072
1681819832393,2023-04-18T14:10:32.393,0.736,0.809,-0.123,0.571,-0.073
1681819832402,2023-04-18T14:10:32.402,0.745,0.808,-0.122,0.571,-0.074
1681819832412,2023-04-18T14:10:32.412,0.755,0.809,-0.122,0.571,-0.074
1681819832423,2023-04-18T14:10:32.423,0.766,0.809,-0.121,0.571,-0.074
1681819832433,2023-04-18T14:10:32.433,0.776,0.809,-0.122,0.570,-0.074
1681819832443,2023-04-18T14:10:32.443,0.786,0.810,-0.122,0.569,-0.073
1681819832454,2023-04-18T14:10:32.454,0.797,0.810,-0.122,0.569,-0.072
1681819832462,2023-04-18T14:10:32.462,0.805,0.811,-0.122,0.568,-0.071
1681819832473,2023-04-18T14:10:32.473,0.816,0.811,-0.122,0.567,-0.070
1681819832483,2023-04-18T14:10:32.483,0.826,0.812,-0.122,0.567,-0.069
1681819832493,2023-04-18T14:10:32.493,0.836,0.812,-0.122,0.566,-0.067
1681819832502,2023-04-18T14:10:32.502,0.845,0.812,-0.121,0.566,-0.066
1681819832512,2023-04-18T14:10:32.512,0.855,0.813,-0.121,0.566,-0.064
1681819832522,2023-04-18T14:10:32.522,0.865,0.813,-0.121,0.567,-0.063
1681819832533,2023-04-18T14:10:32.533,0.876,0.813,-0.122,0.567,-0.061
1681819832543,2023-04-18T14:10:32.543,0.886,0.813,-0.123,0.567,-0.059
1681819832552,2023-04-18T14:10:32.552,0.895,0.813,-0.124,0.567,-0.057
1681819832562,2023-04-18T14:10:32.562,0.905,0.813,-0.125,0.566,-0.056
1681819832572,2023-04-18T14:10:32.572,0.915,0.813,-0.126,0.566,-0.054
1681819832582,2023-04-18T14:10:32.582,0.925,0.812,-0.128,0.567,-0.052
1681819832591,2023-04-18T14:10:32.591,0.934,0.812,-0.129,0.567,-0.051
1681819832601,2023-04-18T14:10:32.601,0.944,0.811,-0.130,0.568,-0.050
1681819832612,2023-04-18T14:10:32.612,0.955,0.810,-0.131,0.569,-0.049
1681819832622,2023-04-18T14:10:32.622,0.965,0.810,-0.132,0.570,-0.048
1681819832632,2023-04-18T14:10:32.632,0.975,0.809,-0.132,0.570,-0.048
1681819832641,2023-04-18T14:10:32.641,0.984,0.809,-0.132,0.571,-0.048
1681819832651,2023-04-18T14:10:32.651,0.994,0.808,-0.132,0.572,-0.048
1681819832662,2023-04-18T14:10:32.662,1.005,0.808,-0.131,0.572,-0.049
1681819832672,2023-04-18T14:10:32.672,1.015,0.808,-0.131,0.573,-0.049
1681819832682,2023-04-18T14:10:32.682,1.025,0.808,-0.130,0.573,-0.050
1681819832691,2023-04-18T14:10:32.691,1.034,0.807,-0.129,0.573,-0.050
1681819832701,2023-04-18T14:10:32.701,1.044,0.807,-0.128,0.574,-0.050
1681819832711,2023-04-18T14:10:32.711,1.054,0.807,-0.128,0.574,-0.051
1681819832722,2023-04-18T14:10:32.722,1.065,0.807,-0.127,0.574,-0.051
1681819832732,2023-04-18T14:10:32.732,1.075,0.807,-0.127,0.574,-0.052
1681819832741,2023-04-18T14:10:32.741,1.084,0.808,-0.126,0.574,-0.052
1681819832751,2023-04-18T14:10:32.751,1.094,0.808,-0.126,0.574,-0.052
1681819832761,2023-04-18T14:10:32.761,1.104,0.808,-0.126,0.574,-0.052
1681819832771,2023-04-18T14:10:32.771,1.114,0.808,-0.126,0.573,-0.052
1681819832782,2023-04-18T14:10:32.782,1.125,0.808,-0.127,0.573,-0.051
1681819832790,2023-04-18T14:10:32.790,1.133,0.808,-0.127,0.573,-0.051
1681819832801,2023-04-18T14:10:32.801,1.144,0.808,-0.127,0.572,-0.051
1681819832811,2023-04-18T14:10:32.811,1.154,0.809,-0.128,0.572,-0.050
1681819832821,2023-04-18T14:10:32.821,1.164,0.809,-0.129,0.572,-0.050
1681819832830,2023-04-18T14:10:32.830,1.173,0.809,-0.129,0.571,-0.050
1681819832840,2023-04-18T14:10:32.840,1.183,0.809,-0.129,0.571,-0.050
1681819832850,2023-04-18T14:10:32.850,1.193,0.809,-0.129,0.571,-0.051
1681819832861,2023-04-18T14:10:32.861,1.204,0.810,-0.129,0.570,-0.051
1681819832871,2023-04-18T14:10:32.871,1.214,0.810,-0.129,0.570,-0.053
1681819832880,2023-04-18T14:10:32.880,1.223,0.810,-0.129,0.569,-0.054
1681819832890,2023-04-18T14:10:32.890,1.233,0.811,-0.129,0.568,-0.056
1681819832900,2023-04-18T14:10:32.900,1.243,0.811,-0.129,0.568,-0.058
1681819832911,2023-04-18T14:10:32.911,1.254,0.811,-0.129,0.568,-0.059
1681819832921,2023-04-18T14:10:32.921,1.264,0.811,-0.130,0.567,-0.061
1681819832930,2023-04-18T14:10:32.930,1.273,0.811,-0.130,0.567,-0.063
1681819832940,2023-04-18T14:10:32.940,1.283,0.811,-0.131,0.567,-0.065
1681819832950,2023-04-18T14:10:32.950,1.293,0.811,-0.132,0.567,-0.067
1681819832960,2023-04-18T14:10:32.960,1.303,0.810,-0.133,0.567,-0.069
1681819832971,2023-04-18T14:10:32.971,1.314,0.810,-0.133,0.567,-0.070
1681819832979,2023-04-18T14:10:32.979,1.322,0.809,-0.133,0.568,-0.072
1681819832990,2023-04-18T14:10:32.990,1.333,0.809,-0.132,0.568,-0.074
1681819833000,2023-04-18T14:10:33.000,1.343,0.808,-0.131,0.569,-0.075
1681819833010,2023-04-18T14:10:33.010,1.353,0.808,-0.130,0.570,-0.076
1681819833020,2023-04-18T14:10:33.020,1.363,0.807,-0.129,0.571,-0.077
1681819833029,2023-04-18T14:10:33.029,1.372,0.807,-0.129,0.571,-0.078
1681819833039,2023-04-18T14:10:33.039,1.382,0.806,-0.128,0.572,-0.078
1681819833050,2023-04-18T14:10:33.050,1.393,0.806,-0.128,0.573,-0.078
1681819833060,2023-04-18T14:10:33.060,1.403,0.805,-0.128,0.574,-0.077
1681819833069,2023-04-18T14:10:33.069,1.412,0.805,-0.128,0.575,-0.077
1681819833079,2023-04-18T14:10:33.079,1.422,0.804,-0.128,0.575,-0.078
1681819833089,2023-04-18T14:10:33.089,1.432,0.804,-0.128,0.576,-0.078
1681819833099,2023-04-18T14:10:33.099,1.442,0.803,-0.128,0.576,-0.079
1681819833110,2023-04-18T14:10:33.110,1.453,0.803,-0.127,0.577,-0.081
1681819833119,2023-04-18T14:10:33.119,1.462,0.802,-0.127,0.577,-0.083
1681819833129,2023-04-18T14:10:33.129,1.472,0.802,-0.126,0.578,-0.085
1681819833139,2023-04-18T14:10:33.139,1.482,0.802,-0.126,0.578,-0.087
1681819833149,2023-04-18T14:10:33.149,1.492,0.801,-0.125,0.579,-0.088
1681819833160,2023-04-18T14:10:33.160,1.503,0.800,-0.125,0.579,-0.090
1681819833168,2023-04-18T14:10:33.168,1.511,0.800,-0.124,0.580,-0.092
1681819833179,2023-04-18T14:10:33.179,1.522,0.799,-0.124,0.580,-0.093
1681819833189,2023-04-18T14:10:33.189,1.532,0.799,-0.124,0.581,-0.094
1681819833199,2023-04-18T14:10:33.199,1.542,0.798,-0.124,0.581,-0.095
1681819833209,2023-04-18T14:10:33.209,1.552,0.798,-0.124,0.582,-0.096
1681819833218,2023-04-18T14:10:33.218,1.561,0.798,-0.125,0.582,-0.096
1681819833228,2023-04-18T14:10:33.228,1.571,0.797,-0.125,0.583,-0.097
1681819833239,2023-04-18T14:10:33.239,1.582,0.797,-0.126,0.583,-0.097
1681819833249,2023-04-18T14:10:33.249,1.592,0.796,-0.126,0.584,-0.098
1681819833259,2023-04-18T14:10:33.259,1.602,0.796,-0.126,0.584,-0.098
1681819833268,2023-04-18T14:10:33.268,1.611,0.795,-0.127,0.584,-0.099
1681819833278,2023-04-18T14:10:33.278,1.621,0.795,-0.127,0.585,-0.099
1681819833288,2023-04-18T14:10:33.288,1.631,0.795,-0.127,0.585,-0.100
1681819833299,2023-04-18T14:10:33.299,1.642,0.795,-0.127,0.585,-0.100
1681819833309,2023-04-18T14:10:33.309,1.652,0.795,-0.127,0.585,-0.101
1681819833318,2023-04-18T14:10:33.318,1.661,0.795,-0.128,0.585,-0.101
1681819833328,2023-04-18T14:10:33.328,1.671,0.795,-0.128,0.584,-0.102
1681819833338,2023-04-18T14:10:33.338,1.681,0.795,-0.128,0.584,-0.102
1681819833349,2023-04-18T14:10:33.349,1.692,0.795,-0.128,0.584,-0.102
1681819833357,2023-04-18T14:10:33.357,1.700,0.795,-0.128,0.584,-0.102
1681819833368,2023-04-18T14:10:33.368,1.711,0.795,-0.128,0.584,-0.102
1681819833378,2023-04-18T14:10:33.378,1.721,0.795,-0.128,0.584,-0.102
1681819833388,2023-04-18T14:10:33.388,1.731,0.795,-0.129,0.584,-0.102
1681819833398,2023-04-18T14:10:33.398,1.741,0.795,-0.129,0.584,-0.102
1681819833407,2023-04-18T14:10:33.407,1.750,0.795,-0.130,0.584,-0.102
1681819833417,2023-04-18T14:10:33.417,1.760,0.794,-0.131,0.584,-0.102
1681819833428,2023-04-18T14:10:33.428,1.771,0.794,-0.131,0.584,-0.102
1681819833438,2023-04-18T14:10:33.438,1.781,0.794,-0.131,0.584,-0.102
1681819833448,2023-04-18T14:10:33.448,1.791,0.794,-0.131,0.585,-0.103
1681819833457,2023-04-18T14:10:33.457,1.800,0.794,-0.131,0.585,-0.103
1681819833467,2023-04-18T14:10:33.467,1.810,0.794,-0.132,0.585,-0.103
1681819833477,2023-04-18T14:10:33.477,1.820,0.794,-0.132,0.585,-0.103
1681819833488,2023-04-18T14:10:33.488,1.831,0.794,-0.133,0.585,-0.103
1681819833498,2023-04-18T14:10:33.498,1.841,0.794,-0.133,0.585,-0.103
1681819833508,2023-04-18T14:10:33.508,1.851,0.794,-0.134,0.584,-0.103
1681819833517,2023-04-18T14:10:33.517,1.860,0.794,-0.134,0.584,-0.103
1681819833527,2023-04-18T14:10:33.527,1.870,0.794,-0.135,0.584,-0.102
1681819833537,2023-04-18T14:10:33.537,1.880,0.794,-0.135,0.584,-0.102
1681819833548,2023-04-18T14:10:33.548,1.891,0.794,-0.136,0.584,-0.102
1681819833557,2023-04-18T14:10:33.557,1.900,0.794,-0.136,0.584,-0.101
1681819833567,2023-04-18T14:10:33.567,1.910,0.794,-0.137,0.584,-0.101
1681819833577,2023-04-18T14:10:33.577,1.920,0.794,-0.137,0.584,-0.101
1681819833587,2023-04-18T14:10:33.587,1.930,0.794,-0.138,0.584,-0.100
1681819833598,2023-04-18T14:10:33.598,1.941,0.794,-0.138,0.583,-0.100
1681819833606,2023-04-18T14:10:33.606,1.949,0.794,-0.139,0.583,-0.099
1681819833617,2023-04-18T14:10:33.617,1.960,0.795,-0.139,0.583,-0.099
1681819833627,2023-04-18T14:10:33.627,1.970,0.795,-0.139,0.582,-0.098
1681819833637,2023-04-18T14:10:33.637,1.980,0.795,-0.140,0.582,-0.097
1681819833647,2023-04-18T14:10:33.647,1.990,0.795,-0.140,0.582,-0.097
1681819833656,2023-04-18T14:10:33.656,1.999,0.796,-0.141,0.581,-0.096
1681819833666,2023-04-18T14:10:33.666,2.009,0.796,-0.141,0.581,-0.096
1681819833677,2023-04-18T14:10:33.677,2.020,0.796,-0.141,0.581,-0.095
1681819833687,2023-04-18T14:10:33.687,2.030,0.796,-0.142,0.581,-0.095
1681819833696,2023-04-18T14:10:33.696,2.039,0.796,-0.142,0.581,-0.094
1681819833706,2023-04-18T14:10:33.706,2.049,0.796,-0.142,0.581,-0.094
1681819833716,2023-04-18T14:10:33.716,2.059,0.796,-0.143,0.580,-0.093
1681819833726,2023-04-18T14:10:33.726,2.069,0.797,-0.143,0.580,-0.093
1681819833737,2023-04-18T14:10:33.737,2.080,0.797,-0.143,0.580,-0.092
1681819833747,2023-04-18T14:10:33.747,2.090,0.797,-0.143,0.580,-0.092
1681819833756,2023-04-18T14:10:33.756,2.099,0.797,-0.143,0.579,-0.092
1681819833766,2023-04-18T14:10:33.766,2.109,0.797,-0.143,0.579,-0.092
1681819833776,2023-04-18T14:10:33.776,2.119,0.798,-0.142,0.579,-0.092
1681819833787,2023-04-18T14:10:33.787,2.130,0.798,-0.142,0.579,-0.092
1681819833795,2023-04-18T14:10:33.795,2.138,0.798,-0.142,0.578,-0.092
1681819833806,2023-04-18T14:10:33.806,2.149,0.798,-0.142,0.578,-0.092
1681819833816,2023-04-18T14:10:33.816,2.159,0.798,-0.142,0.578,-0.092
1681819833826,2023-04-18T14:10:33.826,2.169,0.799,-0.142,0.578,-0.091
1681819833836,2023-04-18T14:10:33.836,2.179,0.799,-0.142,0.577,-0.091
1681819833845,2023-04-18T14:10:33.845,2.188,0.799,-0.141,0.577,-0.091
1681819833855,2023-04-18T14:10:33.855,2.198,0.799,-0.141,0.577,-0.091
1681819833866,2023-04-18T14:10:33.866,2.209,0.800,-0.141,0.577,-0.091
1681819833876,2023-04-18T14:10:33.876,2.219,0.800,-0.141,0.577,-0.090
1681819833886,2023-04-18T14:10:33.886,2.229,0.800,-0.141,0.576,-0.090
1681819833895,2023-04-18T14:10:33.895,2.238,0.800,-0.141,0.576,-0.090
1681819833905,2023-04-18T14:10:33.905,2.248,0.800,-0.140,0.576,-0.090
1681819833915,2023-04-18T14:10:33.915,2.258,0.800,-0.140,0.576,-0.090
1681819833926,2023-04-18T14:10:33.926,2.269,0.801,-0.140,0.576,-0.090
1681819833934,2023-04-18T14:10:33.934,2.277,0.801,-0.140,0.575,-0.090
1681819833945,2023-04-18T14:10:33.945,2.288,0.801,-0.140,0.575,-0.090
1681819833955,2023-04-18T14:10:33.955,2.298,0.801,-0.140,0.575,-0.090
1681819833965,2023-04-18T14:10:33.965,2.308,0.801,-0.139,0.575,-0.090
1681819833975,2023-04-18T14:10:33.975,2.318,0.801,-0.139,0.575,-0.090
1681819833986,2023-04-18T14:10:33.986,2.329,0.801,-0.139,0.575,-0.091
1681819833995,2023-04-18T14:10:33.995,2.338,0.801,-0.139,0.575,-0.091
1681819834005,2023-04-18T14:10:34.005,2.348,0.802,-0.138,0.575,-0.091
1681819834015,2023-04-18T14:10:34.015,2.358,0.802,-0.138,0.574,-0.091
1681819834025,2023-04-18T14:10:34.025,2.368,0.802,-0.138,0.574,-0.091
1681819834034,2023-04-18T14:10:34.034,2.377,0.802,-0.137,0.574,-0.092
1681819834044,2023-04-18T14:10:34.044,2.387,0.802,-0.137,0.574,-0.092
1681819834055,2023-04-18T14:10:34.055,2.398,0.802,-0.137,0.574,-0.093
1681819834065,2023-04-18T14:10:34.065,2.408,0.802,-0.136,0.575,-0.093
1681819834075,2023-04-18T14:10:34.075,2.418,0.802,-0.136,0.575,-0.093
1681819834084,2023-04-18T14:10:34.084,2.427,0.801,-0.136,0.575,-0.094
1681819834094,2023-04-18T14:10:34.094,2.437,0.801,-0.136,0.575,-0.094
1681819834104,2023-04-18T14:10:34.104,2.447,0.801,-0.136,0.575,-0.094
1681819834115,2023-04-18T14:10:34.115,2.458,0.801,-0.136,0.575,-0.094
1681819834125,2023-04-18T14:10:34.125,2.468,0.801,-0.136,0.575,-0.094
1681819834134,2023-04-18T14:10:34.134,2.477,0.801,-0.136,0.575,-0.094
1681819834144,2023-04-18T14:10:34.144,2.487,0.801,-0.136,0.575,-0.094
1681819834154,2023-04-18T14:10:34.154,2.497,0.801,-0.136,0.575,-0.094
1681819834164,2023-04-18T14:10:34.164,2.507,0.801,-0.136,0.576,-0.094
1681819834175,2023-04-18T14:10:34.175,2.518,0.801,-0.136,0.576,-0.094
1681819834183,2023-04-18T14:10:34.183,2.526,0.801,-0.136,0.576,-0.094
1681819834194,2023-04-18T14:10:34.194,2.537,0.801,-0.136,0.576,-0.094
1681819834204,2023-04-18T14:10:34.204,2.547,0.801,-0.135,0.576,-0.094
1681819834214,2023-04-18T14:10:34.214,2.557,0.801,-0.135,0.576,-0.095
1681819834223,2023-04-18T14:10:34.223,2.566,0.801,-0.135,0.576,-0.095
1681819834235,2023-04-18T14:10:34.235,2.578,0.801,-0.135,0.575,-0.095
1681819834244,2023-04-18T14:10:34.244,2.587,0.801,-0.135,0.576,-0.095
1681819834254,2023-04-18T14:10:34.254,2.597,0.801,-0.135,0.575,-0.095
1681819834264,2023-04-18T14:10:34.264,2.607,0.801,-0.135,0.575,-0.095
1681819834273,2023-04-18T14:10:34.273,2.616,0.801,-0.135,0.575,-0.095
1681819834283,2023-04-18T14:10:34.283,2.626,0.801,-0.135,0.575,-0.096
1681819834293,2023-04-18T14:10:34.293,2.636,0.801,-0.134,0.576,-0.096
1681819834304,2023-04-18T14:10:34.304,2.647,0.801,-0.134,0.576,-0.096
1681819834314,2023-04-18T14:10:34.314,2.657,0.801,-0.134,0.576,-0.096
1681819834323,2023-04-18T14:10:34.323,2.666,0.801,-0.134,0.576,-0.096
1681819834333,2023-04-18T14:10:34.333,2.676,0.801,-0.134,0.576,-0.096
1681819834343,2023-04-18T14:10:34.343,2.686,0.801,-0.134,0.576,-0.096
1681819834353,2023-04-18T14:10:34.353,2.696,0.801,-0.134,0.576,-0.096
1681819834364,2023-04-18T14:10:34.364,2.707,0.801,-0.134,0.576,-0.096
1681819834372,2023-04-18T14:10:34.372,2.715,0.801,-0.134,0.576,-0.096
1681819834383,2023-04-18T14:10:34.383,2.726,0.801,-0.134,0.576,-0.097
1681819834393,2023-04-18T14:10:34.393,2.736,0.800,-0.134,0.576,-0.097
1681819834403,2023-04-18T14:10:34.403,2.746,0.800,-0.134,0.576,-0.097
1681819834413,2023-04-18T14:10:34.413,2.756,0.800,-0.134,0.576,-0.097
1681819834422,2023-04-18T14:10:34.422,2.765,0.800,-0.134,0.577,-0.097
1681819834433,2023-04-18T14:10:34.433,2.776,0.800,-0.134,0.577,-0.098
1681819834443,2023-04-18T14:10:34.443,2.786,0.800,-0.134,0.577,-0.098
1681819834453,2023-04-18T14:10:34.453,2.796,0.800,-0.134,0.577,-0.098
1681819834463,2023-04-18T14:10:34.463,2.806,0.800,-0.134,0.577,-0.098
1681819834474,2023-04-18T14:10:34.474,2.817,0.799,-0.134,0.577,-0.099
1681819834482,2023-04-18T14:10:34.482,2.825,0.799,-0.134,0.577,-0.099
1681819834493,2023-04-18T14:10:34.493,2.836,0.799,-0.134,0.577,-0.099
1681819834503,2023-04-18T14:10:34.503,2.846,0.799,-0.134,0.577,-0.099
1681819834513,2023-04-18T14:10:34.513,2.856,0.799,-0.134,0.577,-0.099
1681819834522,2023-04-18T14:10:34.522,2.865,0.799,-0.133,0.578,-0.099
1681819834532,2023-04-18T14:10:34.532,2.875,0.799,-0.133,0.578,-0.099
1681819834542,2023-04-18T14:10:34.542,2.885,0.799,-0.133,0.578,-0.100
1681819834553,2023-04-18T14:10:34.553,2.896,0.799,-0.133,0.578,-0.100
1681819834561,2023-04-18T14:10:34.561,2.904,0.799,-0.133,0.578,-0.100
1681819834572,2023-04-18T14:10:34.572,2.915,0.799,-0.133,0.578,-0.100
1681819834582,2023-04-18T14:10:34.582,2.925,0.799,-0.133,0.578,-0.100
1681819834592,2023-04-18T14:10:34.592,2.935,0.799,-0.133,0.578,-0.100
1681819834602,2023-04-18T14:10:34.602,2.945,0.799,-0.133,0.578,-0.100
1681819834611,2023-04-18T14:10:34.611,2.954,0.799,-0.133,0.578,-0.100
1681819834621,2023-04-18T14:10:34.621,2.964,0.799,-0.133,0.578,-0.100
1681819834632,2023-04-18T14:10:34.632,2.975,0.799,-0.133,0.578,-0.100
1681819834642,2023-04-18T14:10:34.642,2.985,0.799,-0.134,0.578,-0.100
1681819834652,2023-04-18T14:10:34.652,2.995,0.799,-0.134,0.578,-0.100
1681819834661,2023-04-18T14:10:34.661,3.004,0.798,-0.134,0.579,-0.100
1681819834671,2023-04-18T14:10:34.671,3.014,0.798,-0.134,0.579,-0.099
1681819834682,2023-04-18T14:10:34.682,3.025,0.798,-0.134,0.579,-0.099
1681819834692,2023-04-18T14:10:34.692,3.035,0.798,-0.134,0.579,-0.099
1681819834702,2023-04-18T14:10:34.702,3.045,0.798,-0.134,0.579,-0.099
1681819834711,2023-04-18T14:10:34.711,3.054,0.798,-0.134,0.579,-0.099
1681819834721,2023-04-18T14:10:34.721,3.064,0.798,-0.134,0.579,-0.099
1681819834731,2023-04-18T14:10:34.731,3.074,0.798,-0.134,0.579,-0.099
1681819834742,2023-04-18T14:10:34.742,3.085,0.798,-0.134,0.579,-0.099
1681819834752,2023-04-18T14:10:34.752,3.095,0.798,-0.134,0.579,-0.099
1681819834761,2023-04-18T14:10:34.761,3.104,0.798,-0.134,0.579,-0.099
1681819834771,2023-04-18T14:10:34.771,3.114,0.798,-0.134,0.579,-0.099
1681819834781,2023-04-18T14:10:34.781,3.124,0.798,-0.134,0.579,-0.099
1681819834791,2023-04-18T14:10:34.791,3.134,0.798,-0.134,0.579,-0.099
1681819834800,2023-04-18T14:10:34.800,3.143,0.798,-0.134,0.579,-0.099
1681819834810,2023-04-18T14:10:34.810,3.153,0.798,-0.134,0.579,-0.099
1681819834821,2023-04-18T14:10:34.821,3.164,0.798,-0.134,0.579,-0.099
1681819834831,2023-04-18T14:10:34.831,3.174,0.798,-0.134,0.579,-0.099
1681819834841,2023-04-18T14:10:34.841,3.184,0.798,-0.134,0.579,-0.099
1681819834850,2023-04-18T14:10:34.850,3.193,0.798,-0.134,0.579,-0.099
1681819834860,2023-04-18T14:10:34.860,3.203,0.798,-0.134,0.579,-0.099
1681819834870,2023-04-18T14:10:34.870,3.213,0.798,-0.134,0.579,-0.099
1681819834881,2023-04-18T14:10:34.881,3.224,0.798,-0.134,0.579,-0.099
1681819834891,2023-04-18T14:10:34.891,3.234,0.798,-0.134,0.579,-0.099
1681819834900,2023-04-18T14:10:34.900,3.243,0.798,-0.134,0.579,-0.099
1681819834910,2023-04-18T14:10:34.910,3.253,0.798,-0.134,0.579,-0.099
1681819834920,2023-04-18T14:10:34.920,3.263,0.798,-0.135,0.580,-0.099
1681819834931,2023-04-18T14:10:34.931,3.274,0.798,-0.135,0.580,-0.099
1681819834941,2023-04-18T14:10:34.941,3.284,0.798,-0.135,0.580,-0.098
1681819834950,2023-04-18T14:10:34.950,3.293,0.798,-0.135,0.580,-0.098
1681819834960,2023-04-18T14:10:34.960,3.303,0.798,-0.135,0.580,-0.098
1681819834970,2023-04-18T14:10:34.970,3.313,0.798,-0.135,0.580,-0.098
1681819834980,2023-04-18T14:10:34.980,3.323,0.797,-0.135,0.580,-0.098
1681819834991,2023-04-18T14:10:34.991,3.334,0.797,-0.135,0.580,-0.098
1681819834999,2023-04-18T14:10:34.999,3.342,0.797,-0.135,0.580,-0.098
1681819835010,2023-04-18T14:10:35.010,3.353,0.797,-0.135,0.580,-0.098
1681819835020,2023-04-18T14:10:35.020,3.363,0.797,-0.135,0.580,-0.098
1681819835030,2023-04-18T14:10:35.030,3.373,0.797,-0.136,0.580,-0.098
1681819835040,2023-04-18T14:10:35.040,3.383,0.797,-0.136,0.580,-0.098
1681819835049,2023-04-18T14:10:35.049,3.392,0.797,-0.136,0.580,-0.098
1681819835059,2023-04-18T14:10:35.059,3.402,0.797,-0.136,0.580,-0.098
1681819835070,2023-04-18T14:10:35.070,3.413,0.797,-0.136,0.580,-0.098
1681819835080,2023-04-18T14:10:35.080,3.423,0.797,-0.136,0.580,-0.098
1681819835089,2023-04-18T14:10:35.089,3.432,0.797,-0.135,0.580,-0.098
1681819835099,2023-04-18T14:10:35.099,3.442,0.797,-0.135,0.580,-0.098
1681819835109,2023-04-18T14:10:35.109,3.452,0.797,-0.135,0.580,-0.098
1681819835120,2023-04-18T14:10:35.120,3.463,0.797,-0.135,0.580,-0.098
1681819835130,2023-04-18T14:10:35.130,3.473,0.797,-0.135,0.580,-0.098
1681819835139,2023-04-18T14:10:35.139,3.482,0.798,-0.135,0.580,-0.098
1681819835149,2023-04-18T14:10:35.149,3.492,0.797,-0.135,0.580,-0.098
1681819835159,2023-04-18T14:10:35.159,3.502,0.797,-0.136,0.580,-0.098
1681819835169,2023-04-18T14:10:35.169,3.512,0.797,-0.136,0.580,-0.098
1681819835180,2023-04-18T14:10:35.180,3.523,0.797,-0.136,0.580,-0.098
1681819835188,2023-04-18T14:10:35.188,3.531,0.797,-0.136,0.580,-0.098
1681819835200,2023-04-18T14:10:35.200,3.543,0.797,-0.136,0.581,-0.098
1681819835209,2023-04-18T14:10:35.209,3.552,0.796,-0.137,0.581,-0.098
1681819835219,2023-04-18T14:10:35.219,3.562,0.796,-0.137,0.581,-0.098
1681819835229,2023-04-18T14:10:35.229,3.572,0.796,-0.137,0.581,-0.098
1681819835238,2023-04-18T14:10:35.238,3.581,0.795,-0.138,0.582,-0.098
1681819835248,2023-04-18T14:10:35.248,3.591,0.795,-0.138,0.582,-0.098
1681819835259,2023-04-18T14:10:35.259,3.602,0.795,-0.139,0.583,-0.098
1681819835269,2023-04-18T14:10:35.269,3.612,0.794,-0.140,0.583,-0.098
1681819835279,2023-04-18T14:10:35.279,3.622,0.794,-0.140,0.584,-0.098
1681819835288,2023-04-18T14:10:35.288,3.631,0.793,-0.141,0.584,-0.098
1681819835298,2023-04-18T14:10:35.298,3.641,0.793,-0.141,0.585,-0.098
1681819835308,2023-04-18T14:10:35.308,3.651,0.792,-0.142,0.585,-0.098
1681819835319,2023-04-18T14:10:35.319,3.662,0.792,-0.142,0.586,-0.098
1681819835329,2023-04-18T14:10:35.329,3.672,0.792,-0.143,0.586,-0.098
1681819835338,2023-04-18T14:10:35.338,3.681,0.791,-0.143,0.587,-0.098
1681819835348,2023-04-18T14:10:35.348,3.691,0.791,-0.144,0.587,-0.098
1681819835358,2023-04-18T14:10:35.358,3.701,0.790,-0.144,0.587,-0.098
1681819835369,2023-04-18T14:10:35.369,3.712,0.790,-0.145,0.588,-0.098
1681819835377,2023-04-18T14:10:35.377,3.720,0.789,-0.145,0.589,-0.098
1681819835388,2023-04-18T14:10:35.388,3.731,0.789,-0.145,0.589,-0.099
1681819835398,2023-04-18T14:10:35.398,3.741,0.788,-0.145,0.590,-0.099
1681819835408,2023-04-18T14:10:35.408,3.751,0.788,-0.145,0.590,-0.100
1681819835418,2023-04-18T14:10:35.418,3.761,0.788,-0.145,0.590,-0.100
1681819835427,2023-04-18T14:10:35.427,3.770,0.787,-0.145,0.591,-0.100
1681819835439,2023-04-18T14:10:35.439,3.782,0.787,-0.146,0.591,-0.100
1681819835448,2023-04-18T14:10:35.448,3.791,0.786,-0.146,0.592,-0.100
1681819835458,2023-04-18T14:10:35.458,3.801,0.786,-0.147,0.593,-0.100
1681819835468,2023-04-18T14:10:35.468,3.811,0.785,-0.148,0.594,-0.100
1681819835477,2023-04-18T14:10:35.477,3.820,0.785,-0.148,0.594,-0.099
1681819835487,2023-04-18T14:10:35.487,3.830,0.785,-0.148,0.594,-0.097
1681819835497,2023-04-18T14:10:35.497,3.840,0.784,-0.149,0.595,-0.097
1681819835508,2023-04-18T14:10:35.508,3.851,0.783,-0.150,0.596,-0.096
1681819835518,2023-04-18T14:10:35.518,3.861,0.782,-0.151,0.597,-0.096
1681819835527,2023-04-18T14:10:35.527,3.870,0.781,-0.152,0.597,-0.096
1681819835537,2023-04-18T14:10:35.537,3.880,0.780,-0.153,0.598,-0.096
1681819835547,2023-04-18T14:10:35.547,3.890,0.779,-0.154,0.600,-0.096
1681819835558,2023-04-18T14:10:35.558,3.901,0.778,-0.155,0.601,-0.096
1681819835568,2023-04-18T14:10:35.568,3.911,0.777,-0.156,0.602,-0.096
1681819835577,2023-04-18T14:10:35.577,3.920,0.776,-0.157,0.603,-0.096
1681819835587,2023-04-18T14:10:35.587,3.930,0.775,-0.157,0.604,-0.097
1681819835597,2023-04-18T14:10:35.597,3.940,0.774,-0.158,0.605,-0.097
1681819835607,2023-04-18T14:10:35.607,3.950,0.773,-0.159,0.607,-0.098
1681819835618,2023-04-18T14:10:35.618,3.961,0.773,-0.157,0.607,-0.098
1681819835626,2023-04-18T14:10:35.626,3.969,0.773,-0.156,0.607,-0.098
1681819835637,2023-04-18T14:10:35.637,3.980,0.772,-0.156,0.608,-0.100
1681819835647,2023-04-18T14:10:35.647,3.990,0.770,-0.157,0.610,-0.101
1681819835657,2023-04-18T14:10:35.657,4.000,0.769,-0.157,0.611,-0.103
1681819835666,2023-04-18T14:10:35.666,4.009,0.767,-0.158,0.613,-0.105
1681819835676,2023-04-18T14:10:35.676,4.019,0.766,-0.159,0.614,-0.106
1681819835686,2023-04-18T14:10:35.686,4.029,0.764,-0.160,0.616,-0.107
1681819835697,2023-04-18T14:10:35.697,4.040,0.762,-0.162,0.618,-0.108
1681819835707,2023-04-18T14:10:35.707,4.050,0.760,-0.165,0.619,-0.108
1681819835716,2023-04-18T14:10:35.716,4.059,0.758,-0.168,0.621,-0.108
1681819835726,2023-04-18T14:10:35.726,4.069,0.756,-0.172,0.622,-0.107
1681819835736,2023-04-18T14:10:35.736,4.079,0.755,-0.177,0.623,-0.106
1681819835746,2023-04-18T14:10:35.746,4.089,0.753,-0.182,0.624,-0.105
1681819835757,2023-04-18T14:10:35.757,4.100,0.751,-0.187,0.624,-0.104
1681819835767,2023-04-18T14:10:35.767,4.110,0.750,-0.192,0.625,-0.103
1681819835776,2023-04-18T14:10:35.776,4.119,0.748,-0.197,0.625,-0.102
1681819835786,2023-04-18T14:10:35.786,4.129,0.747,-0.201,0.625,-0.102
1681819835796,2023-04-18T14:10:35.796,4.139,0.746,-0.205,0.625,-0.101
1681819835807,2023-04-18T14:10:35.807,4.150,0.745,-0.209,0.625,-0.100
1681819835815,2023-04-18T14:10:35.815,4.158,0.744,-0.213,0.625,-0.098
1681819835826,2023-04-18T14:10:35.826,4.169,0.743,-0.216,0.626,-0.097
1681819835836,2023-04-18T14:10:35.836,4.179,0.742,-0.219,0.626,-0.096
1681819835846,2023-04-18T14:10:35.846,4.189,0.742,-0.221,0.626,-0.095
1681819835856,2023-04-18T14:10:35.856,4.199,0.742,-0.223,0.626,-0.094
1681819835865,2023-04-18T14:10:35.865,4.208,0.741,-0.225,0.625,-0.092
1681819835875,2023-04-18T14:10:35.875,4.218,0.741,-0.227,0.625,-0.090
1681819835886,2023-04-18T14:10:35.886,4.229,0.742,-0.230,0.623,-0.087
1681819835896,2023-04-18T14:10:35.896,4.239,0.745,-0.232,0.620,-0.084
1681819835906,2023-04-18T14:10:35.906,4.249,0.748,-0.235,0.616,-0.080
1681819835915,2023-04-18T14:10:35.915,4.258,0.752,-0.237,0.610,-0.077
1681819835925,2023-04-18T14:10:35.925,4.268,0.758,-0.239,0.603,-0.073
1681819835935,2023-04-18T14:10:35.935,4.278,0.764,-0.241,0.595,-0.069
1681819835946,2023-04-18T14:10:35.946,4.289,0.770,-0.244,0.586,-0.063
1681819835954,2023-04-18T14:10:35.954,4.297,0.775,-0.248,0.578,-0.055
1681819835965,2023-04-18T14:10:35.965,4.308,0.781,-0.253,0.569,-0.047
1681819835975,2023-04-18T14:10:35.975,4.318,0.787,-0.258,0.559,-0.037
1681819835985,2023-04-18T14:10:35.985,4.328,0.792,-0.264,0.549,-0.027
1681819835995,2023-04-18T14:10:35.995,4.338,0.796,-0.269,0.541,-0.018
1681819836006,2023-04-18T14:10:36.006,4.349,0.798,-0.276,0.535,-0.009
1681819836015,2023-04-18T14:10:36.015,4.358,0.798,-0.286,0.531,0.001
1681819836025,2023-04-18T14:10:36.025,4.368,0.796,-0.298,0.527,0.011
1681819836035,2023-04-18T14:10:36.035,4.378,0.796,-0.306,0.522,0.018
1681819836045,2023-04-18T14:10:36.045,4.388,0.799,-0.305,0.518,0.021
1681819836054,2023-04-18T14:10:36.054,4.397,0.803,-0.299,0.515,0.021
1681819836064,2023-04-18T14:10:36.064,4.407,0.808,-0.295,0.510,0.023
1681819836075,2023-04-18T14:10:36.075,4.418,0.817,-0.289,0.498,0.028
1681819836085,2023-04-18T14:10:36.085,4.428,0.829,-0.281,0.483,0.036
1681819836095,2023-04-18T14:10:36.095,4.438,0.839,-0.277,0.466,0.045
1681819836104,2023-04-18T14:10:36.104,4.447,0.849,-0.271,0.450,0.054
1681819836114,2023-04-18T14:10:36.114,4.457,0.860,-0.266,0.431,0.065
1681819836124,2023-04-18T14:10:36.124,4.467,0.871,-0.264,0.407,0.080
1681819836135,2023-04-18T14:10:36.135,4.478,0.882,-0.265,0.378,0.094
1681819836145,2023-04-18T14:10:36.145,4.488,0.892,-0.262,0.352,0.104
1681819836154,2023-04-18T14:10:36.154,4.497,0.900,-0.258,0.333,0.110
1681819836164,2023-04-18T14:10:36.164,4.507,0.903,-0.261,0.321,0.117
1681819836174,2023-04-18T14:10:36.174,4.517,0.904,-0.267,0.310,0.124
1681819836184,2023-04-18T14:10:36.184,4.527,0.904,-0.273,0.301,0.131
1681819836195,2023-04-18T14:10:36.195,4.538,0.905,-0.277,0.294,0.135
1681819836204,2023-04-18T14:10:36.204,4.547,0.906,-0.279,0.287,0.137
1681819836214,2023-04-18T14:10:36.214,4.557,0.909,-0.279,0.278,0.138
1681819836224,2023-04-18T14:10:36.224,4.567,0.911,-0.280,0.272,0.138
1681819836234,2023-04-18T14:10:36.234,4.577,0.911,-0.278,0.273,0.134
1681819836245,2023-04-18T14:10:36.245,4.588,0.909,-0.275,0.285,0.126
1681819836253,2023-04-18T14:10:36.253,4.596,0.906,-0.272,0.302,0.117
1681819836264,2023-04-18T14:10:36.264,4.607,0.901,-0.269,0.324,0.106
1681819836274,2023-04-18T14:10:36.274,4.617,0.895,-0.265,0.346,0.094
1681819836284,2023-04-18T14:10:36.284,4.627,0.889,-0.258,0.369,0.082
1681819836293,2023-04-18T14:10:36.293,4.636,0.883,-0.249,0.391,0.070
1681819836303,2023-04-18T14:10:36.303,4.646,0.876,-0.242,0.414,0.058
1681819836313,2023-04-18T14:10:36.313,4.656,0.869,-0.236,0.434,0.046
1681819836324,2023-04-18T14:10:36.324,4.667,0.861,-0.230,0.452,0.035
1681819836334,2023-04-18T14:10:36.334,4.677,0.855,-0.228,0.466,0.027
1681819836343,2023-04-18T14:10:36.343,4.686,0.851,-0.227,0.474,0.024
1681819836353,2023-04-18T14:10:36.353,4.696,0.853,-0.227,0.468,0.029
1681819836363,2023-04-18T14:10:36.363,4.706,0.854,-0.233,0.465,0.035
1681819836373,2023-04-18T14:10:36.373,4.716,0.851,-0.229,0.472,0.028
1681819836384,2023-04-18T14:10:36.384,4.727,0.844,-0.211,0.492,0.009
1681819836392,2023-04-18T14:10:36.392,4.735,0.835,-0.187,0.517,-0.014
1681819836403,2023-04-18T14:10:36.403,4.746,0.835,-0.168,0.524,-0.026
1681819836413,2023-04-18T14:10:36.413,4.756,0.846,-0.159,0.508,-0.029
1681819836423,2023-04-18T14:10:36.423,4.766,0.858,-0.155,0.488,-0.033
1681819836433,2023-04-18T14:10:36.433,4.776,0.857,-0.159,0.488,-0.039
1681819836442,2023-04-18T14:10:36.442,4.785,0.847,-0.157,0.505,-0.050
1681819836453,2023-04-18T14:10:36.453,4.796,0.836,-0.155,0.522,-0.062
1681819836463,2023-04-18T14:10:36.463,4.806,0.828,-0.152,0.535,-0.072
1681819836473,2023-04-18T14:10:36.473,4.816,0.818,-0.148,0.549,-0.084
1681819836483,2023-04-18T14:10:36.483,4.826,0.805,-0.144,0.568,-0.096
1681819836494,2023-04-18T14:10:36.494,4.837,0.790,-0.142,0.586,-0.109
1681819836502,2023-04-18T14:10:36.502,4.845,0.775,-0.142,0.604,-0.122
1681819836513,2023-04-18T14:10:36.513,4.856,0.766,-0.142,0.613,-0.132
1681819836523,2023-04-18T14:10:36.523,4.866,0.757,-0.146,0.621,-0.141
1681819836533,2023-04-18T14:10:36.533,4.876,0.746,-0.150,0.632,-0.148
1681819836542,2023-04-18T14:10:36.542,4.885,0.734,-0.155,0.643,-0.154
1681819836552,2023-04-18T14:10:36.552,4.895,0.728,-0.160,0.647,-0.159
1681819836562,2023-04-18T14:10:36.562,4.905,0.721,-0.166,0.652,-0.165
1681819836573,2023-04-18T14:10:36.573,4.916,0.713,-0.168,0.658,-0.172
1681819836581,2023-04-18T14:10:36.581,4.924,0.706,-0.171,0.664,-0.179
1681819836592,2023-04-18T14:10:36.592,4.935,0.699,-0.176,0.668,-0.184
1681819836602,2023-04-18T14:10:36.602,4.945,0.693,-0.180,0.673,-0.187
1681819836612,2023-04-18T14:10:36.612,4.955,0.693,-0.188,0.670,-0.188
1681819836622,2023-04-18T14:10:36.622,4.965,0.695,-0.194,0.666,-0.189
1681819836631,2023-04-18T14:10:36.631,4.974,0.695,-0.199,0.664,-0.189
1681819836641,2023-04-18T14:10:36.641,4.984,0.694,-0.203,0.665,-0.189
1681819836652,2023-04-18T14:10:36.652,4.995,0.692,-0.206,0.666,-0.188
1681819836662,2023-04-18T14:10:36.662,5.005,0.692,-0.209,0.665,-0.186
1681819836672,2023-04-18T14:10:36.672,5.015,0.694,-0.211,0.664,-0.185
1681819836681,2023-04-18T14:10:36.681,5.024,0.697,-0.211,0.661,-0.183
1681819836691,2023-04-18T14:10:36.691,5.034,0.703,-0.212,0.655,-0.178
1681819836702,2023-04-18T14:10:36.702,5.045,0.711,-0.212,0.648,-0.174
1681819836712,2023-04-18T14:10:36.712,5.055,0.719,-0.210,0.640,-0.170
1681819836722,2023-04-18T14:10:36.722,5.065,0.727,-0.209,0.633,-0.166
1681819836732,2023-04-18T14:10:36.732,5.075,0.735,-0.210,0.625,-0.158
1681819836741,2023-04-18T14:10:36.741,5.084,0.742,-0.211,0.618,-0.150
1681819836751,2023-04-18T14:10:36.751,5.094,0.750,-0.212,0.611,-0.140
1681819836762,2023-04-18T14:10:36.762,5.105,0.759,-0.215,0.602,-0.127
1681819836772,2023-04-18T14:10:36.772,5.115,0.768,-0.216,0.592,-0.113
1681819836781,2023-04-18T14:10:36.781,5.124,0.778,-0.215,0.582,-0.099
1681819836791,2023-04-18T14:10:36.791,5.134,0.785,-0.211,0.575,-0.086
1681819836801,2023-04-18T14:10:36.801,5.144,0.791,-0.208,0.571,-0.075
1681819836811,2023-04-18T14:10:36.811,5.154,0.792,-0.200,0.573,-0.065
1681819836820,2023-04-18T14:10:36.820,5.163,0.793,-0.187,0.576,-0.061
1681819836830,2023-04-18T14:10:36.830,5.173,0.793,-0.167,0.582,-0.066
1681819836841,2023-04-18T14:10:36.841,5.184,0.787,-0.147,0.594,-0.080
1681819836851,2023-04-18T14:10:36.851,5.194,0.793,-0.130,0.589,-0.086
1681819836861,2023-04-18T14:10:36.861,5.204,0.812,-0.134,0.564,-0.070
1681819836870,2023-04-18T14:10:36.870,5.213,0.821,-0.145,0.550,-0.050
1681819836880,2023-04-18T14:10:36.880,5.223,0.825,-0.160,0.542,-0.034
1681819836891,2023-04-18T14:10:36.891,5.234,0.823,-0.179,0.538,-0.024
1681819836901,2023-04-18T14:10:36.901,5.244,0.827,-0.191,0.528,-0.020
1681819836911,2023-04-18T14:10:36.911,5.254,0.834,-0.193,0.517,-0.017
1681819836920,2023-04-18T14:10:36.920,5.263,0.841,-0.199,0.504,-0.012
1681819836930,2023-04-18T14:10:36.930,5.273,0.849,-0.209,0.486,-0.004
1681819836940,2023-04-18T14:10:36.940,5.283,0.855,-0.219,0.470,0.001
1681819836951,2023-04-18T14:10:36.951,5.294,0.859,-0.221,0.461,0.001
1681819836961,2023-04-18T14:10:36.961,5.304,0.862,-0.220,0.456,-0.000
1681819836971,2023-04-18T14:10:36.971,5.314,0.865,-0.224,0.450,0.003
1681819836980,2023-04-18T14:10:36.980,5.323,0.870,-0.231,0.436,0.011
1681819836990,2023-04-18T14:10:36.990,5.333,0.878,-0.240,0.414,0.021
1681819837000,2023-04-18T14:10:37.000,5.343,0.888,-0.247,0.388,0.033
1681819837011,2023-04-18T14:10:37.011,5.354,0.899,-0.251,0.357,0.046
1681819837019,2023-04-18T14:10:37.019,5.362,0.906,-0.254,0.333,0.058
1681819837030,2023-04-18T14:10:37.030,5.373,0.911,-0.254,0.317,0.066
1681819837040,2023-04-18T14:10:37.040,5.383,0.913,-0.252,0.315,0.066
1681819837050,2023-04-18T14:10:37.050,5.393,0.912,-0.244,0.325,0.059
1681819837060,2023-04-18T14:10:37.060,5.403,0.909,-0.237,0.340,0.050
1681819837069,2023-04-18T14:10:37.069,5.412,0.904,-0.231,0.358,0.040
1681819837079,2023-04-18T14:10:37.079,5.422,0.898,-0.225,0.377,0.029
1681819837090,2023-04-18T14:10:37.090,5.433,0.894,-0.219,0.390,0.021
1681819837100,2023-04-18T14:10:37.100,5.443,0.893,-0.213,0.395,0.016
1681819837109,2023-04-18T14:10:37.109,5.452,0.894,-0.208,0.397,0.011
1681819837119,2023-04-18T14:10:37.119,5.462,0.893,-0.201,0.402,0.005
1681819837129,2023-04-18T14:10:37.129,5.472,0.891,-0.191,0.412,-0.004
1681819837140,2023-04-18T14:10:37.140,5.483,0.886,-0.180,0.426,-0.013
1681819837150,2023-04-18T14:10:37.150,5.493,0.883,-0.171,0.436,-0.021
1681819837159,2023-04-18T14:10:37.159,5.502,0.888,-0.163,0.430,-0.023
1681819837169,2023-04-18T14:10:37.169,5.512,0.897,-0.157,0.412,-0.016
1681819837179,2023-04-18T14:10:37.179,5.522,0.899,-0.151,0.410,-0.013
1681819837189,2023-04-18T14:10:37.189,5.532,0.895,-0.138,0.424,-0.025
1681819837200,2023-04-18T14:10:37.200,5.543,0.884,-0.127,0.447,-0.043
1681819837208,2023-04-18T14:10:37.208,5.551,0.880,-0.129,0.454,-0.052
1681819837220,2023-04-18T14:10:37.220,5.563,0.886,-0.123,0.443,-0.056
1681819837229,2023-04-18T14:10:37.229,5.572,0.885,-0.127,0.445,-0.059
1681819837239,2023-04-18T14:10:37.239,5.582,0.879,-0.124,0.455,-0.065
1681819837249,2023-04-18T14:10:37.249,5.592,0.873,-0.113,0.469,-0.072
1681819837258,2023-04-18T14:10:37.258,5.601,0.867,-0.099,0.482,-0.081
1681819837268,2023-04-18T14:10:37.268,5.611,0.861,-0.085,0.492,-0.091
1681819837279,2023-04-18T14:10:37.279,5.622,0.857,-0.074,0.500,-0.101
1681819837289,2023-04-18T14:10:37.289,5.632,0.851,-0.064,0.510,-0.111
1681819837299,2023-04-18T14:10:37.299,5.642,0.851,-0.053,0.508,-0.118
1681819837308,2023-04-18T14:10:37.308,5.651,0.856,-0.056,0.498,-0.125
1681819837318,2023-04-18T14:10:37.318,5.661,0.851,-0.061,0.503,-0.139
1681819837329,2023-04-18T14:10:37.329,5.672,0.832,-0.051,0.528,-0.160
1681819837339,2023-04-18T14:10:37.339,5.682,0.815,-0.049,0.550,-0.176
1681819837349,2023-04-18T14:10:37.349,5.692,0.806,-0.052,0.559,-0.190
1681819837358,2023-04-18T14:10:37.358,5.701,0.795,-0.065,0.571,-0.196
1681819837368,2023-04-18T14:10:37.368,5.711,0.782,-0.078,0.586,-0.199
1681819837378,2023-04-18T14:10:37.378,5.721,0.773,-0.091,0.596,-0.198
1681819837389,2023-04-18T14:10:37.389,5.732,0.766,-0.105,0.602,-0.198
1681819837397,2023-04-18T14:10:37.397,5.740,0.756,-0.118,0.612,-0.198
1681819837408,2023-04-18T14:10:37.408,5.751,0.748,-0.137,0.619,-0.196
1681819837418,2023-04-18T14:10:37.418,5.761,0.751,-0.160,0.612,-0.189
1681819837428,2023-04-18T14:10:37.428,5.771,0.754,-0.179,0.605,-0.183
1681819837438,2023-04-18T14:10:37.438,5.781,0.752,-0.192,0.605,-0.181
1681819837447,2023-04-18T14:10:37.447,5.790,0.747,-0.192,0.608,-0.189
1681819837459,2023-04-18T14:10:37.459,5.802,0.743,-0.186,0.610,-0.204
1681819837468,2023-04-18T14:10:37.468,5.811,0.739,-0.178,0.611,-0.221
1681819837478,2023-04-18T14:10:37.478,5.821,0.737,-0.171,0.612,-0.232
1681819837488,2023-04-18T14:10:37.488,5.831,0.741,-0.165,0.607,-0.234
1681819837497,2023-04-18T14:10:37.497,5.840,0.749,-0.154,0.601,-0.232
1681819837507,2023-04-18T14:10:37.507,5.850,0.752,-0.161,0.605,-0.207
1681819837517,2023-04-18T14:10:37.517,5.860,0.765,-0.170,0.597,-0.174
1681819837528,2023-04-18T14:10:37.528,5.871,0.780,-0.175,0.584,-0.139
1681819837538,2023-04-18T14:10:37.538,5.881,0.795,-0.177,0.571,-0.105
1681819837547,2023-04-18T14:10:37.547,5.890,0.812,-0.171,0.553,-0.077
1681819837557,2023-04-18T14:10:37.557,5.900,0.826,-0.168,0.536,-0.055
1681819837567,2023-04-18T14:10:37.567,5.910,0.840,-0.171,0.513,-0.040
1681819837578,2023-04-18T14:10:37.578,5.921,0.852,-0.164,0.495,-0.043
1681819837588,2023-04-18T14:10:37.588,5.931,0.871,-0.151,0.466,-0.044
1681819837597,2023-04-18T14:10:37.597,5.940,0.891,-0.145,0.429,-0.028
1681819837607,2023-04-18T14:10:37.607,5.950,0.909,-0.150,0.389,0.003
1681819837617,2023-04-18T14:10:37.617,5.960,0.921,-0.152,0.356,0.038
1681819837627,2023-04-18T14:10:37.627,5.970,0.932,-0.168,0.314,0.072
1681819837638,2023-04-18T14:10:37.638,5.981,0.939,-0.197,0.266,0.095
1681819837646,2023-04-18T14:10:37.646,5.989,0.947,-0.171,0.254,0.101
1681819837657,2023-04-18T14:10:37.657,6.000,0.957,-0.127,0.239,0.107
1681819837667,2023-04-18T14:10:37.667,6.010,0.967,-0.114,0.195,0.115
1681819837677,2023-04-18T14:10:37.677,6.020,0.975,-0.103,0.157,0.117
1681819837686,2023-04-18T14:10:37.686,6.029,0.978,-0.092,0.143,0.120
1681819837698,2023-04-18T14:10:37.698,6.041,0.978,-0.098,0.136,0.128
1681819837706,2023-04-18T14:10:37.706,6.049,0.978,-0.115,0.106,0.139
1681819837717,2023-04-18T14:10:37.717,6.060,0.977,-0.143,0.049,0.149
1681819837727,2023-04-18T14:10:37.727,6.070,0.973,-0.170,-0.002,0.155
1681819837736,2023-04-18T14:10:37.736,6.079,0.970,-0.183,-0.035,0.155
1681819837746,2023-04-18T14:10:37.746,6.089,0.968,-0.190,-0.058,0.151
1681819837756,2023-04-18T14:10:37.756,6.099,0.969,-0.194,-0.059,0.144
1681819837766,2023-04-18T14:10:37.766,6.109,0.972,-0.191,-0.027,0.135
1681819837777,2023-04-18T14:10:37.777,6.120,0.975,-0.184,0.021,0.124
1681819837786,2023-04-18T14:10:37.786,6.129,0.975,-0.175,0.075,0.114
1681819837796,2023-04-18T14:10:37.796,6.139,0.972,-0.166,0.127,0.104
1681819837806,2023-04-18T14:10:37.806,6.149,0.965,-0.162,0.180,0.097
1681819837816,2023-04-18T14:10:37.816,6.159,0.958,-0.164,0.214,0.095
1681819837827,2023-04-18T14:10:37.827,6.170,0.952,-0.172,0.235,0.094
1681819837835,2023-04-18T14:10:37.835,6.178,0.946,-0.177,0.254,0.093
1681819837846,2023-04-18T14:10:37.846,6.189,0.939,-0.182,0.279,0.088
1681819837856,2023-04-18T14:10:37.856,6.199,0.930,-0.181,0.311,0.080
1681819837866,2023-04-18T14:10:37.866,6.209,0.920,-0.170,0.346,0.070
1681819837876,2023-04-18T14:10:37.876,6.219,0.911,-0.160,0.375,0.061
1681819837885,2023-04-18T14:10:37.885,6.228,0.908,-0.154,0.386,0.055
1681819837895,2023-04-18T14:10:37.895,6.238,0.910,-0.152,0.381,0.054
1681819837906,2023-04-18T14:10:37.906,6.249,0.913,-0.153,0.375,0.054
1681819837916,2023-04-18T14:10:37.916,6.259,0.914,-0.154,0.372,0.054
1681819837926,2023-04-18T14:10:37.926,6.269,0.915,-0.154,0.368,0.052
1681819837935,2023-04-18T14:10:37.935,6.278,0.918,-0.155,0.362,0.051
1681819837945,2023-04-18T14:10:37.945,6.288,0.920,-0.157,0.357,0.048
1681819837955,2023-04-18T14:10:37.955,6.298,0.921,-0.158,0.354,0.045
1681819837966,2023-04-18T14:10:37.966,6.309,0.920,-0.159,0.357,0.042
1681819837974,2023-04-18T14:10:37.974,6.317,0.918,-0.161,0.361,0.041
1681819837985,2023-04-18T14:10:37.985,6.328,0.916,-0.162,0.363,0.041
1681819837995,2023-04-18T14:10:37.995,6.338,0.916,-0.164,0.364,0.041
1681819838005,2023-04-18T14:10:38.005,6.348,0.916,-0.164,0.364,0.040
1681819838016,2023-04-18T14:10:38.016,6.359,0.917,-0.163,0.363,0.037
1681819838026,2023-04-18T14:10:38.026,6.369,0.917,-0.161,0.363,0.033
1681819838035,2023-04-18T14:10:38.035,6.378,0.917,-0.157,0.367,0.029
1681819838045,2023-04-18T14:10:38.045,6.388,0.917,-0.153,0.368,0.025
1681819838055,2023-04-18T14:10:38.055,6.398,0.917,-0.150,0.369,0.021
1681819838065,2023-04-18T14:10:38.065,6.408,0.917,-0.144,0.372,0.014
1681819838074,2023-04-18T14:10:38.074,6.417,0.915,-0.136,0.379,0.004
1681819838084,2023-04-18T14:10:38.084,6.427,0.912,-0.130,0.390,-0.006
1681819838095,2023-04-18T14:10:38.095,6.438,0.907,-0.123,0.402,-0.017
1681819838105,2023-04-18T14:10:38.105,6.448,0.905,-0.119,0.407,-0.023
1681819838115,2023-04-18T14:10:38.115,6.458,0.907,-0.118,0.403,-0.025
1681819838124,2023-04-18T14:10:38.124,6.467,0.910,-0.120,0.397,-0.023
1681819838134,2023-04-18T14:10:38.134,6.477,0.912,-0.124,0.391,-0.019
1681819838144,2023-04-18T14:10:38.144,6.487,0.913,-0.130,0.387,-0.013
1681819838155,2023-04-18T14:10:38.155,6.498,0.913,-0.138,0.384,-0.005
1681819838165,2023-04-18T14:10:38.165,6.508,0.914,-0.147,0.379,0.005
1681819838174,2023-04-18T14:10:38.174,6.517,0.915,-0.156,0.372,0.015
1681819838184,2023-04-18T14:10:38.184,6.527,0.916,-0.163,0.366,0.025
1681819838194,2023-04-18T14:10:38.194,6.537,0.916,-0.168,0.363,0.034
1681819838204,2023-04-18T14:10:38.204,6.547,0.917,-0.169,0.359,0.043
1681819838215,2023-04-18T14:10:38.215,6.558,0.917,-0.170,0.356,0.052
1681819838224,2023-04-18T14:10:38.224,6.567,0.915,-0.171,0.359,0.059
1681819838234,2023-04-18T14:10:38.234,6.577,0.913,-0.174,0.362,0.066
1681819838244,2023-04-18T14:10:38.244,6.587,0.913,-0.176,0.362,0.072
1681819838254,2023-04-18T14:10:38.254,6.597,0.912,-0.176,0.362,0.075
1681819838265,2023-04-18T14:10:38.265,6.608,0.909,-0.177,0.368,0.081
1681819838273,2023-04-18T14:10:38.273,6.616,0.903,-0.175,0.384,0.080
1681819838284,2023-04-18T14:10:38.284,6.627,0.898,-0.174,0.396,0.079
1681819838294,2023-04-18T14:10:38.294,6.637,0.894,-0.166,0.409,0.084
1681819838304,2023-04-18T14:10:38.304,6.647,0.872,-0.166,0.449,0.099
1681819838313,2023-04-18T14:10:38.313,6.656,0.871,-0.141,0.456,0.113
1681819838323,2023-04-18T14:10:38.323,6.666,0.842,-0.157,0.508,0.094
1681819838333,2023-04-18T14:10:38.333,6.676,0.915,-0.128,0.369,0.107
1681819838344,2023-04-18T14:10:38.344,6.687,0.935,-0.267,0.215,0.087
1681819838354,2023-04-18T14:10:38.354,6.697,0.925,-0.223,0.297,0.076
1681819838363,2023-04-18T14:10:38.363,6.706,0.879,-0.167,0.445,0.038
1681819838373,2023-04-18T14:10:38.373,6.716,0.884,-0.165,0.434,0.052
1681819838383,2023-04-18T14:10:38.383,6.726,0.901,-0.156,0.401,0.064
1681819838393,2023-04-18T14:10:38.393,6.736,0.891,-0.145,0.427,0.056
1681819838404,2023-04-18T14:10:38.404,6.747,0.880,-0.137,0.452,0.048
1681819838412,2023-04-18T14:10:38.412,6.755,0.877,-0.141,0.457,0.046
1681819838423,2023-04-18T14:10:38.423,6.766,0.876,-0.152,0.455,0.046
1681819838433,2023-04-18T14:10:38.433,6.776,0.871,-0.164,0.460,0.041
1681819838443,2023-04-18T14:10:38.443,6.786,0.864,-0.174,0.471,0.034
1681819838454,2023-04-18T14:10:38.454,6.797,0.858,-0.169,0.485,0.023
1681819838462,2023-04-18T14:10:38.462,6.805,0.849,-0.161,0.503,0.008
1681819838473,2023-04-18T14:10:38.473,6.816,0.840,-0.155,0.520,-0.008
1681819838483,2023-04-18T14:10:38.483,6.826,0.834,-0.152,0.530,-0.024
1681819838493,2023-04-18T14:10:38.493,6.836,0.828,-0.150,0.540,-0.040
1681819838503,2023-04-18T14:10:38.503,6.846,0.820,-0.148,0.550,-0.056
1681819838512,2023-04-18T14:10:38.512,6.855,0.813,-0.149,0.559,-0.068
1681819838522,2023-04-18T14:10:38.522,6.865,0.807,-0.153,0.566,-0.077
1681819838533,2023-04-18T14:10:38.533,6.876,0.800,-0.159,0.572,-0.083
1681819838543,2023-04-18T14:10:38.543,6.886,0.797,-0.169,0.573,-0.086
1681819838552,2023-04-18T14:10:38.552,6.895,0.795,-0.180,0.573,-0.087
1681819838562,2023-04-18T14:10:38.562,6.905,0.793,-0.192,0.572,-0.088
1681819838572,2023-04-18T14:10:38.572,6.915,0.792,-0.203,0.569,-0.089
1681819838582,2023-04-18T14:10:38.582,6.925,0.792,-0.212,0.565,-0.090
1681819838593,2023-04-18T14:10:38.593,6.936,0.792,-0.217,0.562,-0.095
1681819838601,2023-04-18T14:10:38.601,6.944,0.791,-0.220,0.562,-0.101
1681819838612,2023-04-18T14:10:38.612,6.955,0.791,-0.222,0.560,-0.108
1681819838622,2023-04-18T14:10:38.622,6.965,0.790,-0.220,0.560,-0.118
1681819838632,2023-04-18T14:10:38.632,6.975,0.789,-0.217,0.561,-0.129
1681819838642,2023-04-18T14:10:38.642,6.985,0.788,-0.210,0.561,-0.143
1681819838651,2023-04-18T14:10:38.651,6.994,0.788,-0.201,0.560,-0.156
1681819838662,2023-04-18T14:10:38.662,7.005,0.788,-0.190,0.561,-0.168
1681819838672,2023-04-18T14:10:38.672,7.015,0.789,-0.179,0.560,-0.178
1681819838682,2023-04-18T14:10:38.682,7.025,0.791,-0.171,0.558,-0.183
1681819838692,2023-04-18T14:10:38.692,7.035,0.793,-0.163,0.557,-0.186
1681819838701,2023-04-18T14:10:38.701,7.044,0.796,-0.154,0.555,-0.187
1681819838711,2023-04-18T14:10:38.711,7.054,0.799,-0.143,0.554,-0.185
1681819838722,2023-04-18T14:10:38.722,7.065,0.805,-0.128,0.551,-0.178
1681819838732,2023-04-18T14:10:38.732,7.075,0.805,-0.131,0.556,-0.158
1681819838742,2023-04-18T14:10:38.742,7.085,0.814,-0.136,0.549,-0.135
1681819838751,2023-04-18T14:10:38.751,7.094,0.824,-0.142,0.536,-0.115
1681819838761,2023-04-18T14:10:38.761,7.104,0.829,-0.133,0.532,-0.111
1681819838771,2023-04-18T14:10:38.771,7.114,0.833,-0.114,0.529,-0.116
1681819838782,2023-04-18T14:10:38.782,7.125,0.832,-0.094,0.533,-0.122
1681819838792,2023-04-18T14:10:38.792,7.135,0.828,-0.073,0.541,-0.126
1681819838801,2023-04-18T14:10:38.801,7.144,0.829,-0.060,0.542,-0.126
1681819838811,2023-04-18T14:10:38.811,7.154,0.837,-0.056,0.529,-0.126
1681819838821,2023-04-18T14:10:38.821,7.164,0.848,-0.056,0.513,-0.123
1681819838831,2023-04-18T14:10:38.831,7.174,0.855,-0.058,0.501,-0.116
1681819838840,2023-04-18T14:10:38.840,7.183,0.866,-0.060,0.485,-0.107
1681819838850,2023-04-18T14:10:38.850,7.193,0.875,-0.067,0.470,-0.097
1681819838861,2023-04-18T14:10:38.861,7.204,0.880,-0.076,0.460,-0.088
1681819838871,2023-04-18T14:10:38.871,7.214,0.883,-0.086,0.454,-0.079
1681819838881,2023-04-18T14:10:38.881,7.224,0.885,-0.096,0.450,-0.069
1681819838890,2023-04-18T14:10:38.890,7.233,0.886,-0.104,0.449,-0.060
1681819838900,2023-04-18T14:10:38.900,7.243,0.886,-0.110,0.447,-0.052
1681819838911,2023-04-18T14:10:38.911,7.254,0.887,-0.115,0.444,-0.045
1681819838921,2023-04-18T14:10:38.921,7.264,0.888,-0.120,0.442,-0.038
1681819838931,2023-04-18T14:10:38.931,7.274,0.889,-0.126,0.440,-0.032
1681819838940,2023-04-18T14:10:38.940,7.283,0.889,-0.131,0.437,-0.026
1681819838950,2023-04-18T14:10:38.950,7.293,0.891,-0.135,0.433,-0.021
1681819838960,2023-04-18T14:10:38.960,7.303,0.892,-0.139,0.430,-0.015
1681819838971,2023-04-18T14:10:38.971,7.314,0.892,-0.143,0.429,-0.009
1681819838981,2023-04-18T14:10:38.981,7.324,0.892,-0.148,0.427,-0.003
1681819838990,2023-04-18T14:10:38.990,7.333,0.892,-0.153,0.425,0.004
1681819839000,2023-04-18T14:10:39.000,7.343,0.892,-0.158,0.423,0.012
1681819839010,2023-04-18T14:10:39.010,7.353,0.892,-0.162,0.422,0.020
1681819839020,2023-04-18T14:10:39.020,7.363,0.892,-0.162,0.422,0.027
1681819839031,2023-04-18T14:10:39.031,7.374,0.893,-0.163,0.418,0.033
1681819839039,2023-04-18T14:10:39.039,7.382,0.895,-0.168,0.411,0.040
1681819839050,2023-04-18T14:10:39.050,7.393,0.895,-0.176,0.408,0.048
1681819839060,2023-04-18T14:10:39.060,7.403,0.893,-0.183,0.408,0.054
1681819839070,2023-04-18T14:10:39.070,7.413,0.892,-0.190,0.406,0.061
1681819839080,2023-04-18T14:10:39.080,7.423,0.892,-0.196,0.401,0.069
1681819839089,2023-04-18T14:10:39.089,7.432,0.893,-0.202,0.395,0.077
1681819839099,2023-04-18T14:10:39.099,7.442,0.893,-0.208,0.390,0.086
1681819839110,2023-04-18T14:10:39.110,7.453,0.892,-0.214,0.386,0.095
1681819839120,2023-04-18T14:10:39.120,7.463,0.892,-0.220,0.382,0.104
1681819839129,2023-04-18T14:10:39.129,7.472,0.891,-0.226,0.378,0.113
1681819839139,2023-04-18T14:10:39.139,7.482,0.889,-0.232,0.376,0.122
1681819839149,2023-04-18T14:10:39.149,7.492,0.887,-0.237,0.375,0.130
1681819839160,2023-04-18T14:10:39.160,7.503,0.884,-0.242,0.376,0.139
1681819839170,2023-04-18T14:10:39.170,7.513,0.880,-0.246,0.378,0.147
1681819839179,2023-04-18T14:10:39.179,7.522,0.877,-0.248,0.381,0.153
1681819839189,2023-04-18T14:10:39.189,7.532,0.875,-0.249,0.383,0.161
1681819839199,2023-04-18T14:10:39.199,7.542,0.874,-0.248,0.383,0.166
1681819839209,2023-04-18T14:10:39.209,7.552,0.874,-0.248,0.381,0.172
1681819839220,2023-04-18T14:10:39.220,7.563,0.872,-0.248,0.384,0.175
1681819839230,2023-04-18T14:10:39.230,7.573,0.871,-0.246,0.387,0.174
1681819839239,2023-04-18T14:10:39.239,7.582,0.873,-0.244,0.385,0.174
1681819839249,2023-04-18T14:10:39.249,7.592,0.876,-0.239,0.381,0.173
1681819839259,2023-04-18T14:10:39.259,7.602,0.877,-0.236,0.383,0.171
1681819839269,2023-04-18T14:10:39.269,7.612,0.877,-0.230,0.387,0.168
1681819839278,2023-04-18T14:10:39.278,7.621,0.879,-0.221,0.389,0.165
1681819839288,2023-04-18T14:10:39.288,7.631,0.877,-0.218,0.395,0.164
1681819839299,2023-04-18T14:10:39.299,7.642,0.873,-0.220,0.403,0.164
1681819839309,2023-04-18T14:10:39.309,7.652,0.871,-0.220,0.408,0.165
1681819839319,2023-04-18T14:10:39.319,7.662,0.870,-0.221,0.409,0.166
1681819839328,2023-04-18T14:10:39.328,7.671,0.868,-0.223,0.412,0.167
1681819839338,2023-04-18T14:10:39.338,7.681,0.866,-0.228,0.413,0.170
1681819839349,2023-04-18T14:10:39.349,7.692,0.863,-0.234,0.414,0.173
1681819839359,2023-04-18T14:10:39.359,7.702,0.860,-0.240,0.415,0.176
1681819839369,2023-04-18T14:10:39.369,7.712,0.856,-0.246,0.417,0.180
1681819839378,2023-04-18T14:10:39.378,7.721,0.853,-0.252,0.419,0.183
1681819839388,2023-04-18T14:10:39.388,7.731,0.850,-0.256,0.421,0.185
1681819839398,2023-04-18T14:10:39.398,7.741,0.847,-0.260,0.424,0.186
1681819839409,2023-04-18T14:10:39.409,7.752,0.844,-0.262,0.428,0.186
1681819839417,2023-04-18T14:10:39.417,7.760,0.842,-0.263,0.433,0.186
1681819839428,2023-04-18T14:10:39.428,7.771,0.839,-0.264,0.438,0.185
1681819839438,2023-04-18T14:10:39.438,7.781,0.837,-0.263,0.443,0.184
1681819839448,2023-04-18T14:10:39.448,7.791,0.834,-0.263,0.449,0.183
1681819839458,2023-04-18T14:10:39.458,7.801,0.831,-0.263,0.454,0.183
1681819839467,2023-04-18T14:10:39.467,7.810,0.829,-0.264,0.457,0.183
1681819839479,2023-04-18T14:10:39.479,7.822,0.827,-0.265,0.460,0.184
1681819839488,2023-04-18T14:10:39.488,7.831,0.825,-0.267,0.462,0.186
1681819839498,2023-04-18T14:10:39.498,7.841,0.823,-0.269,0.464,0.188
1681819839508,2023-04-18T14:10:39.508,7.851,0.820,-0.272,0.466,0.191
1681819839517,2023-04-18T14:10:39.517,7.860,0.818,-0.274,0.467,0.194
1681819839527,2023-04-18T14:10:39.527,7.870,0.816,-0.277,0.468,0.197
1681819839537,2023-04-18T14:10:39.537,7.880,0.815,-0.280,0.467,0.201
1681819839548,2023-04-18T14:10:39.548,7.891,0.812,-0.285,0.466,0.206
1681819839558,2023-04-18T14:10:39.558,7.901,0.809,-0.290,0.465,0.212
1681819839567,2023-04-18T14:10:39.567,7.910,0.807,-0.296,0.463,0.219
1681819839577,2023-04-18T14:10:39.577,7.920,0.804,-0.301,0.460,0.228
1681819839587,2023-04-18T14:10:39.587,7.930,0.801,-0.306,0.457,0.237
1681819839598,2023-04-18T14:10:39.598,7.941,0.798,-0.311,0.453,0.248
1681819839608,2023-04-18T14:10:39.608,7.951,0.796,-0.317,0.446,0.260
1681819839617,2023-04-18T14:10:39.617,7.960,0.793,-0.325,0.438,0.273
1681819839627,2023-04-18T14:10:39.627,7.970,0.790,-0.332,0.429,0.286
1681819839637,2023-04-18T14:10:39.637,7.980,0.787,-0.339,0.420,0.299
1681819839647,2023-04-18T14:10:39.647,7.990,0.784,-0.346,0.411,0.312
1681819839658,2023-04-18T14:10:39.658,8.001,0.780,-0.352,0.403,0.325
1681819839666,2023-04-18T14:10:39.666,8.009,0.776,-0.358,0.396,0.336
1681819839677,2023-04-18T14:10:39.677,8.020,0.771,-0.363,0.390,0.347
1681819839687,2023-04-18T14:10:39.687,8.030,0.767,-0.367,0.386,0.357
1681819839697,2023-04-18T14:10:39.697,8.040,0.763,-0.371,0.381,0.367
1681819839706,2023-04-18T14:10:39.706,8.049,0.760,-0.374,0.377,0.375
1681819839718,2023-04-18T14:10:39.718,8.061,0.756,-0.377,0.373,0.383
1681819839726,2023-04-18T14:10:39.726,8.069,0.753,-0.381,0.368,0.391
1681819839737,2023-04-18T14:10:39.737,8.080,0.750,-0.384,0.364,0.398
1681819839747,2023-04-18T14:10:39.747,8.090,0.746,-0.388,0.359,0.404
1681819839756,2023-04-18T14:10:39.756,8.099,0.743,-0.392,0.355,0.410
1681819839766,2023-04-18T14:10:39.766,8.109,0.740,-0.396,0.351,0.416
1681819839776,2023-04-18T14:10:39.776,8.119,0.736,-0.400,0.347,0.422
1681819839787,2023-04-18T14:10:39.787,8.130,0.732,-0.404,0.345,0.426
1681819839797,2023-04-18T14:10:39.797,8.140,0.728,-0.407,0.345,0.430
1681819839806,2023-04-18T14:10:39.806,8.149,0.725,-0.410,0.346,0.432
1681819839816,2023-04-18T14:10:39.816,8.159,0.722,-0.411,0.351,0.433
1681819839826,2023-04-18T14:10:39.826,8.169,0.719,-0.412,0.357,0.432
1681819839836,2023-04-18T14:10:39.836,8.179,0.716,-0.412,0.363,0.431
1681819839847,2023-04-18T14:10:39.847,8.190,0.715,-0.411,0.370,0.428
1681819839855,2023-04-18T14:10:39.855,8.198,0.714,-0.410,0.377,0.424
1681819839866,2023-04-18T14:10:39.866,8.209,0.714,-0.409,0.380,0.422
1681819839876,2023-04-18T14:10:39.876,8.219,0.715,-0.408,0.379,0.422
1681819839886,2023-04-18T14:10:39.886,8.229,0.715,-0.409,0.379,0.422
1681819839896,2023-04-18T14:10:39.896,8.239,0.715,-0.410,0.376,0.423
1681819839905,2023-04-18T14:10:39.905,8.248,0.715,-0.411,0.374,0.424
1681819839915,2023-04-18T14:10:39.915,8.258,0.714,-0.413,0.374,0.424
1681819839926,2023-04-18T14:10:39.926,8.269,0.713,-0.414,0.373,0.426
1681819839936,2023-04-18T14:10:39.936,8.279,0.711,-0.417,0.371,0.428
1681819839946,2023-04-18T14:10:39.946,8.289,0.708,-0.420,0.370,0.430
1681819839956,2023-04-18T14:10:39.956,8.299,0.705,-0.423,0.370,0.432
1681819839965,2023-04-18T14:10:39.965,8.308,0.702,-0.427,0.369,0.434
1681819839975,2023-04-18T14:10:39.975,8.318,0.700,-0.431,0.367,0.436
1681819839986,2023-04-18T14:10:39.986,8.329,0.697,-0.434,0.366,0.437
1681819839996,2023-04-18T14:10:39.996,8.339,0.695,-0.438,0.365,0.438
1681819840005,2023-04-18T14:10:40.005,8.348,0.693,-0.441,0.364,0.439
1681819840015,2023-04-18T14:10:40.015,8.358,0.690,-0.444,0.364,0.441
1681819840025,2023-04-18T14:10:40.025,8.368,0.688,-0.446,0.363,0.442
1681819840036,2023-04-18T14:10:40.036,8.379,0.686,-0.449,0.362,0.444
1681819840044,2023-04-18T14:10:40.044,8.387,0.684,-0.451,0.360,0.445
1681819840055,2023-04-18T14:10:40.055,8.398,0.682,-0.454,0.359,0.447
1681819840065,2023-04-18T14:10:40.065,8.408,0.680,-0.456,0.357,0.449
1681819840075,2023-04-18T14:10:40.075,8.418,0.678,-0.459,0.355,0.452
1681819840085,2023-04-18T14:10:40.085,8.428,0.676,-0.461,0.353,0.454
1681819840094,2023-04-18T14:10:40.094,8.437,0.674,-0.463,0.351,0.457
1681819840104,2023-04-18T14:10:40.104,8.447,0.672,-0.465,0.348,0.459
1681819840115,2023-04-18T14:10:40.115,8.458,0.670,-0.466,0.345,0.463
1681819840125,2023-04-18T14:10:40.125,8.468,0.668,-0.468,0.343,0.466
1681819840135,2023-04-18T14:10:40.135,8.478,0.665,-0.470,0.340,0.470
1681819840144,2023-04-18T14:10:40.144,8.487,0.662,-0.472,0.337,0.474
1681819840154,2023-04-18T14:10:40.154,8.497,0.659,-0.474,0.334,0.479
1681819840164,2023-04-18T14:10:40.164,8.507,0.656,-0.477,0.331,0.483
1681819840175,2023-04-18T14:10:40.175,8.518,0.652,-0.480,0.328,0.487
1681819840185,2023-04-18T14:10:40.185,8.528,0.648,-0.482,0.325,0.491
1681819840194,2023-04-18T14:10:40.194,8.537,0.645,-0.485,0.321,0.496
1681819840204,2023-04-18T14:10:40.204,8.547,0.641,-0.488,0.318,0.500
1681819840214,2023-04-18T14:10:40.214,8.557,0.637,-0.491,0.314,0.504
1681819840224,2023-04-18T14:10:40.224,8.567,0.634,-0.494,0.311,0.508
1681819840235,2023-04-18T14:10:40.235,8.578,0.630,-0.497,0.307,0.512
1681819840244,2023-04-18T14:10:40.244,8.587,0.626,-0.500,0.303,0.515
1681819840254,2023-04-18T14:10:40.254,8.597,0.623,-0.503,0.299,0.519
1681819840264,2023-04-18T14:10:40.264,8.607,0.620,-0.506,0.296,0.522
1681819840274,2023-04-18T14:10:40.274,8.617,0.617,-0.509,0.292,0.525
1681819840285,2023-04-18T14:10:40.285,8.628,0.614,-0.512,0.289,0.528
1681819840293,2023-04-18T14:10:40.293,8.636,0.611,-0.514,0.285,0.531
1681819840304,2023-04-18T14:10:40.304,8.647,0.577,-0.499,0.330,0.556
1681819840314,2023-04-18T14:10:40.314,8.657,0.574,-0.501,0.327,0.559
1681819840324,2023-04-18T14:10:40.324,8.667,0.572,-0.503,0.323,0.562
1681819840333,2023-04-18T14:10:40.333,8.676,0.569,-0.504,0.319,0.566
1681819840343,2023-04-18T14:10:40.343,8.686,0.566,-0.506,0.314,0.570
1681819840353,2023-04-18T14:10:40.353,8.696,0.563,-0.508,0.309,0.574
1681819840364,2023-04-18T14:10:40.364,8.707,0.560,-0.510,0.304,0.577
1681819840374,2023-04-18T14:10:40.374,8.717,0.557,-0.513,0.300,0.581
1681819840383,2023-04-18T14:10:40.383,8.726,0.554,-0.515,0.295,0.584
1681819840393,2023-04-18T14:10:40.393,8.736,0.551,-0.517,0.291,0.587
1681819840403,2023-04-18T14:10:40.403,8.746,0.548,-0.520,0.286,0.590
1681819840413,2023-04-18T14:10:40.413,8.756,0.545,-0.522,0.282,0.593
1681819840424,2023-04-18T14:10:40.424,8.767,0.541,-0.525,0.278,0.596
1681819840433,2023-04-18T14:10:40.433,8.776,0.537,-0.527,0.274,0.598
1681819840443,2023-04-18T14:10:40.443,8.786,0.534,-0.530,0.270,0.601
1681819840453,2023-04-18T14:10:40.453,8.796,0.530,-0.532,0.266,0.604
1681819840463,2023-04-18T14:10:40.463,8.806,0.527,-0.534,0.262,0.607
1681819840474,2023-04-18T14:10:40.474,8.817,0.524,-0.536,0.258,0.609
1681819840482,2023-04-18T14:10:40.482,8.825,0.521,-0.539,0.253,0.612
1681819840493,2023-04-18T14:10:40.493,8.836,0.518,-0.540,0.249,0.614
1681819840503,2023-04-18T14:10:40.503,8.846,0.516,-0.542,0.245,0.616
1681819840513,2023-04-18T14:10:40.513,8.856,0.513,-0.545,0.240,0.618
1681819840523,2023-04-18T14:10:40.523,8.866,0.511,-0.547,0.236,0.620
1681819840532,2023-04-18T14:10:40.532,8.875,0.508,-0.549,0.233,0.622
1681819840542,2023-04-18T14:10:40.542,8.885,0.505,-0.550,0.229,0.624
1681819840553,2023-04-18T14:10:40.553,8.896,0.503,-0.552,0.225,0.626
1681819840563,2023-04-18T14:10:40.563,8.906,0.500,-0.554,0.222,0.627
1681819840573,2023-04-18T14:10:40.573,8.916,0.497,-0.555,0.219,0.629
1681819840582,2023-04-18T14:10:40.582,8.925,0.494,-0.557,0.216,0.631
1681819840592,2023-04-18T14:10:40.592,8.935,0.492,-0.558,0.213,0.634
1681819840602,2023-04-18T14:10:40.602,8.945,0.489,-0.559,0.210,0.636
1681819840613,2023-04-18T14:10:40.613,8.956,0.485,-0.560,0.208,0.638
1681819840621,2023-04-18T14:10:40.621,8.964,0.481,-0.563,0.206,0.640
1681819840632,2023-04-18T14:10:40.632,8.975,0.477,-0.565,0.205,0.642
1681819840642,2023-04-18T14:10:40.642,8.985,0.472,-0.567,0.203,0.643
1681819840652,2023-04-18T14:10:40.652,8.995,0.468,-0.570,0.200,0.645
1681819840662,2023-04-18T14:10:40.662,9.005,0.464,-0.572,0.197,0.647
1681819840671,2023-04-18T14:10:40.671,9.014,0.461,-0.573,0.193,0.650
1681819840683,2023-04-18T14:10:40.683,9.026,0.457,-0.574,0.189,0.652
1681819840692,2023-04-18T14:10:40.692,9.035,0.454,-0.574,0.185,0.655
1681819840702,2023-04-18T14:10:40.702,9.045,0.451,-0.575,0.181,0.659
1681819840712,2023-04-18T14:10:40.712,9.055,0.447,-0.574,0.178,0.662
1681819840721,2023-04-18T14:10:40.721,9.064,0.444,-0.573,0.175,0.666
1681819840731,2023-04-18T14:10:40.731,9.074,0.441,-0.572,0.172,0.669
1681819840742,2023-04-18T14:10:40.742,9.085,0.438,-0.571,0.170,0.673
1681819840752,2023-04-18T14:10:40.752,9.095,0.436,-0.569,0.168,0.677
1681819840762,2023-04-18T14:10:40.762,9.105,0.434,-0.566,0.164,0.682
1681819840771,2023-04-18T14:10:40.771,9.114,0.432,-0.562,0.160,0.687
1681819840781,2023-04-18T14:10:40.781,9.124,0.429,-0.557,0.155,0.694
1681819840791,2023-04-18T14:10:40.791,9.134,0.426,-0.552,0.150,0.701
1681819840802,2023-04-18T14:10:40.802,9.145,0.422,-0.547,0.143,0.709
1681819840812,2023-04-18T14:10:40.812,9.155,0.417,-0.543,0.136,0.716
1681819840821,2023-04-18T14:10:40.821,9.164,0.412,-0.538,0.129,0.724
1681819840831,2023-04-18T14:10:40.831,9.174,0.406,-0.533,0.123,0.732
1681819840841,2023-04-18T14:10:40.841,9.184,0.399,-0.529,0.117,0.740
1681819840851,2023-04-18T14:10:40.851,9.194,0.392,-0.525,0.111,0.747
1681819840860,2023-04-18T14:10:40.860,9.203,0.383,-0.522,0.105,0.755
1681819840870,2023-04-18T14:10:40.870,9.213,0.375,-0.518,0.097,0.762
1681819840881,2023-04-18T14:10:40.881,9.224,0.367,-0.515,0.089,0.770
1681819840891,2023-04-18T14:10:40.891,9.234,0.358,-0.512,0.083,0.777
1681819840901,2023-04-18T14:10:40.901,9.244,0.349,-0.509,0.077,0.783
1681819840910,2023-04-18T14:10:40.910,9.253,0.339,-0.507,0.072,0.789
1681819840920,2023-04-18T14:10:40.920,9.263,0.330,-0.503,0.065,0.797
1681819840931,2023-04-18T14:10:40.931,9.274,0.321,-0.497,0.059,0.804
1681819840941,2023-04-18T14:10:40.941,9.284,0.311,-0.492,0.054,0.811
1681819840951,2023-04-18T14:10:40.951,9.294,0.302,-0.489,0.051,0.817
1681819840960,2023-04-18T14:10:40.960,9.303,0.293,-0.485,0.047,0.823
1681819840970,2023-04-18T14:10:40.970,9.313,0.284,-0.480,0.045,0.829
1681819840980,2023-04-18T14:10:40.980,9.323,0.275,-0.475,0.042,0.835
1681819840991,2023-04-18T14:10:40.991,9.334,0.266,-0.469,0.038,0.842
1681819841001,2023-04-18T14:10:41.001,9.344,0.257,-0.463,0.034,0.847
1681819841011,2023-04-18T14:10:41.011,9.354,0.250,-0.457,0.029,0.853
1681819841020,2023-04-18T14:10:41.020,9.363,0.242,-0.452,0.024,0.858
1681819841030,2023-04-18T14:10:41.030,9.373,0.235,-0.447,0.019,0.863
1681819841040,2023-04-18T14:10:41.040,9.383,0.227,-0.443,0.015,0.867
1681819841051,2023-04-18T14:10:41.051,9.394,0.219,-0.438,0.010,0.872
1681819841059,2023-04-18T14:10:41.059,9.402,0.211,-0.434,0.005,0.876
1681819841070,2023-04-18T14:10:41.070,9.413,0.204,-0.429,0.001,0.880
1681819841080,2023-04-18T14:10:41.080,9.423,0.197,-0.425,-0.003,0.883
1681819841090,2023-04-18T14:10:41.090,9.433,0.190,-0.422,-0.007,0.886
1681819841100,2023-04-18T14:10:41.100,9.443,0.183,-0.420,-0.011,0.889
1681819841109,2023-04-18T14:10:41.109,9.452,0.176,-0.416,-0.014,0.892
1681819841120,2023-04-18T14:10:41.120,9.463,0.170,-0.412,-0.017,0.895
1681819841130,2023-04-18T14:10:41.130,9.473,0.164,-0.409,-0.019,0.898
1681819841140,2023-04-18T14:10:41.140,9.483,0.158,-0.406,-0.021,0.900
1681819841149,2023-04-18T14:10:41.149,9.492,0.152,-0.405,-0.024,0.901
1681819841159,2023-04-18T14:10:41.159,9.502,0.147,-0.405,-0.026,0.902
1681819841169,2023-04-18T14:10:41.169,9.512,0.143,-0.404,-0.027,0.903
1681819841180,2023-04-18T14:10:41.180,9.523,0.139,-0.403,-0.029,0.904
1681819841190,2023-04-18T14:10:41.190,9.533,0.135,-0.403,-0.031,0.905
1681819841199,2023-04-18T14:10:41.199,9.542,0.131,-0.403,-0.033,0.905
1681819841209,2023-04-18T14:10:41.209,9.552,0.128,-0.404,-0.035,0.905
1681819841219,2023-04-18T14:10:41.219,9.562,0.125,-0.406,-0.037,0.905
1681819841229,2023-04-18T14:10:41.229,9.572,0.122,-0.408,-0.039,0.904
1681819841240,2023-04-18T14:10:41.240,9.583,0.120,-0.412,-0.040,0.902
1681819841250,2023-04-18T14:10:41.250,9.593,0.117,-0.417,-0.042,0.900
1681819841259,2023-04-18T14:10:41.259,9.602,0.115,-0.421,-0.043,0.899
1681819841269,2023-04-18T14:10:41.269,9.612,0.113,-0.424,-0.044,0.897
1681819841279,2023-04-18T14:10:41.279,9.622,0.111,-0.426,-0.045,0.897
1681819841289,2023-04-18T14:10:41.289,9.632,0.110,-0.428,-0.045,0.896
1681819841298,2023-04-18T14:10:41.298,9.641,0.109,-0.429,-0.045,0.896
1681819841308,2023-04-18T14:10:41.308,9.651,0.107,-0.429,-0.045,0.896
1681819841319,2023-04-18T14:10:41.319,9.662,0.106,-0.428,-0.045,0.896
1681819841329,2023-04-18T14:10:41.329,9.672,0.105,-0.429,-0.045,0.896
1681819841339,2023-04-18T14:10:41.339,9.682,0.103,-0.431,-0.044,0.896
1681819841348,2023-04-18T14:10:41.348,9.691,0.102,-0.433,-0.043,0.895
1681819841358,2023-04-18T14:10:41.358,9.701,0.101,-0.434,-0.042,0.894
1681819841369,2023-04-18T14:10:41.369,9.712,0.099,-0.436,-0.042,0.894
1681819841379,2023-04-18T14:10:41.379,9.722,0.097,-0.437,-0.042,0.893
1681819841389,2023-04-18T14:10:41.389,9.732,0.095,-0.438,-0.043,0.893
1681819841398,2023-04-18T14:10:41.398,9.741,0.093,-0.437,-0.044,0.893
1681819841408,2023-04-18T14:10:41.408,9.751,0.092,-0.436,-0.044,0.894
1681819841418,2023-04-18T14:10:41.418,9.761,0.090,-0.436,-0.043,0.894
1681819841429,2023-04-18T14:10:41.429,9.772,0.088,-0.436,-0.043,0.895
1681819841437,2023-04-18T14:10:41.437,9.780,0.087,-0.436,-0.042,0.895
1681819841448,2023-04-18T14:10:41.448,9.791,0.086,-0.435,-0.039,0.895
1681819841458,2023-04-18T14:10:41.458,9.801,0.087,-0.433,-0.034,0.896
1681819841468,2023-04-18T14:10:41.468,9.811,0.089,-0.433,-0.027,0.897
1681819841478,2023-04-18T14:10:41.478,9.821,0.090,-0.435,-0.024,0.896
1681819841489,2023-04-18T14:10:41.489,9.832,0.090,-0.438,-0.023,0.894
1681819841497,2023-04-18T14:10:41.497,9.840,0.090,-0.439,-0.024,0.894
1681819841508,2023-04-18T14:10:41.508,9.851,0.091,-0.439,-0.024,0.893
1681819841518,2023-04-18T14:10:41.518,9.861,0.092,-0.440,-0.024,0.893
1681819841528,2023-04-18T14:10:41.528,9.871,0.092,-0.440,-0.024,0.893
1681819841537,2023-04-18T14:10:41.537,9.880,0.094,-0.441,-0.023,0.893
1681819841547,2023-04-18T14:10:41.547,9.890,0.094,-0.442,-0.023,0.892
1681819841558,2023-04-18T14:10:41.558,9.901,0.094,-0.444,-0.023,0.891
1681819841568,2023-04-18T14:10:41.568,9.911,0.094,-0.447,-0.023,0.889
1681819841578,2023-04-18T14:10:41.578,9.921,0.093,-0.450,-0.024,0.888
1681819841587,2023-04-18T14:10:41.587,9.930,0.093,-0.453,-0.025,0.887
1681819841597,2023-04-18T14:10:41.597,9.940,0.093,-0.455,-0.027,0.885
1681819841607,2023-04-18T14:10:41.607,9.950,0.093,-0.461,-0.029,0.882
1681819841618,2023-04-18T14:10:41.618,9.961,0.095,-0.466,-0.030,0.879
1681819841628,2023-04-18T14:10:41.628,9.971,0.097,-0.469,-0.030,0.877
1681819841637,2023-04-18T14:10:41.637,9.980,0.099,-0.472,-0.029,0.875
1681819841647,2023-04-18T14:10:41.647,9.990,0.101,-0.477,-0.029,0.873
1681819841657,2023-04-18T14:10:41.657,10.000,0.104,-0.481,-0.027,0.870
1681819841667,2023-04-18T14:10:41.667,10.010,0.107,-0.485,-0.026,0.867
1681819841678,2023-04-18T14:10:41.678,10.021,0.111,-0.490,-0.024,0.865
1681819841686,2023-04-18T14:10:41.686,10.029,0.115,-0.494,-0.021,0.861
1681819841697,2023-04-18T14:10:41.697,10.040,0.120,-0.498,-0.018,0.859
1681819841707,2023-04-18T14:10:41.707,10.050,0.125,-0.502,-0.016,0.855
1681819841717,2023-04-18T14:10:41.717,10.060,0.130,-0.507,-0.013,0.852
1681819841726,2023-04-18T14:10:41.726,10.069,0.134,-0.511,-0.010,0.849
1681819841738,2023-04-18T14:10:41.738,10.081,0.138,-0.514,-0.008,0.846
1681819841746,2023-04-18T14:10:41.746,10.089,0.143,-0.518,-0.006,0.844
1681819841757,2023-04-18T14:10:41.757,10.100,0.146,-0.521,-0.005,0.841
1681819841767,2023-04-18T14:10:41.767,10.110,0.150,-0.525,-0.004,0.838
1681819841777,2023-04-18T14:10:41.777,10.120,0.153,-0.528,-0.004,0.836
1681819841786,2023-04-18T14:10:41.786,10.129,0.156,-0.531,-0.004,0.833
1681819841796,2023-04-18T14:10:41.796,10.139,0.159,-0.534,-0.004,0.830
1681819841807,2023-04-18T14:10:41.807,10.150,0.162,-0.537,-0.004,0.828
1681819841817,2023-04-18T14:10:41.817,10.160,0.163,-0.540,-0.005,0.826
1681819841826,2023-04-18T14:10:41.826,10.169,0.165,-0.543,-0.006,0.823
1681819841836,2023-04-18T14:10:41.836,10.179,0.166,-0.546,-0.007,0.821
1681819841846,2023-04-18T14:10:41.846,10.189,0.167,-0.550,-0.008,0.819
1681819841856,2023-04-18T14:10:41.856,10.199,0.168,-0.552,-0.010,0.817
1681819841867,2023-04-18T14:10:41.867,10.210,0.169,-0.555,-0.012,0.815
1681819841875,2023-04-18T14:10:41.875,10.218,0.169,-0.557,-0.014,0.813
1681819841886,2023-04-18T14:10:41.886,10.229,0.170,-0.559,-0.015,0.812
1681819841896,2023-04-18T14:10:41.896,10.239,0.172,-0.560,-0.017,0.810
1681819841906,2023-04-18T14:10:41.906,10.249,0.173,-0.562,-0.017,0.809
1681819841916,2023-04-18T14:10:41.916,10.259,0.176,-0.563,-0.018,0.807
1681819841925,2023-04-18T14:10:41.925,10.268,0.179,-0.564,-0.017,0.806
1681819841935,2023-04-18T14:10:41.935,10.278,0.182,-0.565,-0.017,0.805
1681819841946,2023-04-18T14:10:41.946,10.289,0.186,-0.566,-0.017,0.803
1681819841956,2023-04-18T14:10:41.956,10.299,0.189,-0.567,-0.016,0.802
1681819841966,2023-04-18T14:10:41.966,10.309,0.193,-0.568,-0.016,0.800
1681819841976,2023-04-18T14:10:41.976,10.319,0.196,-0.569,-0.017,0.799
1681819841985,2023-04-18T14:10:41.985,10.328,0.200,-0.569,-0.017,0.797
1681819841995,2023-04-18T14:10:41.995,10.338,0.202,-0.570,-0.018,0.796
1681819842006,2023-04-18T14:10:42.006,10.349,0.204,-0.571,-0.019,0.795
1681819842016,2023-04-18T14:10:42.016,10.359,0.206,-0.572,-0.020,0.794
1681819842025,2023-04-18T14:10:42.025,10.368,0.208,-0.573,-0.021,0.793
1681819842035,2023-04-18T14:10:42.035,10.378,0.209,-0.574,-0.022,0.791
1681819842045,2023-04-18T14:10:42.045,10.388,0.210,-0.575,-0.023,0.790
1681819842056,2023-04-18T14:10:42.056,10.399,0.212,-0.576,-0.024,0.789
1681819842064,2023-04-18T14:10:42.064,10.407,0.214,-0.577,-0.024,0.788
1681819842075,2023-04-18T14:10:42.075,10.418,0.216,-0.578,-0.024,0.786
1681819842085,2023-04-18T14:10:42.085,10.428,0.219,-0.579,-0.023,0.785
1681819842095,2023-04-18T14:10:42.095,10.438,0.222,-0.580,-0.022,0.784
1681819842105,2023-04-18T14:10:42.105,10.448,0.225,-0.580,-0.020,0.782
1681819842114,2023-04-18T14:10:42.114,10.457,0.228,-0.581,-0.018,0.782
1681819842124,2023-04-18T14:10:42.124,10.467,0.230,-0.581,-0.016,0.781
1681819842135,2023-04-18T14:10:42.135,10.478,0.231,-0.581,-0.014,0.780
1681819842145,2023-04-18T14:10:42.145,10.488,0.230,-0.581,-0.013,0.780
1681819842155,2023-04-18T14:10:42.155,10.498,0.228,-0.581,-0.013,0.782
1681819842164,2023-04-18T14:10:42.164,10.507,0.224,-0.580,-0.014,0.783
1681819842174,2023-04-18T14:10:42.174,10.517,0.219,-0.579,-0.016,0.785
1681819842184,2023-04-18T14:10:42.184,10.527,0.215,-0.576,-0.018,0.788
1681819842195,2023-04-18T14:10:42.195,10.538,0.211,-0.573,-0.019,0.791
1681819842205,2023-04-18T14:10:42.205,10.548,0.207,-0.570,-0.019,0.795
1681819842215,2023-04-18T14:10:42.215,10.558,0.203,-0.566,-0.018,0.799
1681819842224,2023-04-18T14:10:42.224,10.567,0.200,-0.562,-0.016,0.803
1681819842234,2023-04-18T14:10:42.234,10.577,0.197,-0.557,-0.014,0.807
1681819842245,2023-04-18T14:10:42.245,10.588,0.196,-0.552,-0.009,0.810
1681819842255,2023-04-18T14:10:42.255,10.598,0.196,-0.547,-0.004,0.814
1681819842264,2023-04-18T14:10:42.264,10.607,0.196,-0.540,0.001,0.819
1681819842274,2023-04-18T14:10:42.274,10.617,0.195,-0.534,0.005,0.822
1681819842284,2023-04-18T14:10:42.284,10.627,0.194,-0.530,0.008,0.825
1681819842294,2023-04-18T14:10:42.294,10.637,0.192,-0.524,0.010,0.829
1681819842303,2023-04-18T14:10:42.303,10.646,0.188,-0.519,0.011,0.834
1681819842313,2023-04-18T14:10:42.313,10.656,0.184,-0.512,0.010,0.839
1681819842324,2023-04-18T14:10:42.324,10.667,0.179,-0.506,0.008,0.844
1681819842334,2023-04-18T14:10:42.334,10.677,0.174,-0.499,0.004,0.849
1681819842344,2023-04-18T14:10:42.344,10.687,0.169,-0.493,-0.001,0.854
1681819842353,2023-04-18T14:10:42.353,10.696,0.164,-0.487,-0.007,0.858
1681819842363,2023-04-18T14:10:42.363,10.706,0.160,-0.481,-0.013,0.862
1681819842373,2023-04-18T14:10:42.373,10.716,0.156,-0.475,-0.019,0.866
1681819842384,2023-04-18T14:10:42.384,10.727,0.151,-0.470,-0.025,0.869
1681819842394,2023-04-18T14:10:42.394,10.737,0.147,-0.465,-0.030,0.873
1681819842403,2023-04-18T14:10:42.403,10.746,0.142,-0.460,-0.035,0.876
1681819842413,2023-04-18T14:10:42.413,10.756,0.137,-0.455,-0.041,0.879
1681819842423,2023-04-18T14:10:42.423,10.766,0.132,-0.451,-0.046,0.882
1681819842433,2023-04-18T14:10:42.433,10.776,0.126,-0.447,-0.050,0.884
1681819842444,2023-04-18T14:10:42.444,10.787,0.121,-0.442,-0.055,0.887
1681819842453,2023-04-18T14:10:42.453,10.796,0.116,-0.438,-0.059,0.890
1681819842463,2023-04-18T14:10:42.463,10.806,0.110,-0.433,-0.063,0.892
1681819842473,2023-04-18T14:10:42.473,10.816,0.105,-0.428,-0.068,0.895
1681819842483,2023-04-18T14:10:42.483,10.826,0.100,-0.424,-0.073,0.897
1681819842494,2023-04-18T14:10:42.494,10.837,0.095,-0.420,-0.078,0.899
1681819842502,2023-04-18T14:10:42.502,10.845,0.091,-0.418,-0.082,0.900
1681819842513,2023-04-18T14:10:42.513,10.856,0.088,-0.417,-0.083,0.901
1681819842523,2023-04-18T14:10:42.523,10.866,0.085,-0.416,-0.086,0.901
1681819842533,2023-04-18T14:10:42.533,10.876,0.082,-0.416,-0.087,0.902
1681819842543,2023-04-18T14:10:42.543,10.886,0.080,-0.417,-0.088,0.901
1681819842552,2023-04-18T14:10:42.552,10.895,0.078,-0.419,-0.089,0.900
1681819842562,2023-04-18T14:10:42.562,10.905,0.076,-0.421,-0.089,0.899
1681819842573,2023-04-18T14:10:42.573,10.916,0.073,-0.423,-0.088,0.899
1681819842583,2023-04-18T14:10:42.583,10.926,0.072,-0.425,-0.086,0.898
1681819842592,2023-04-18T14:10:42.592,10.935,0.069,-0.429,-0.085,0.897
1681819842602,2023-04-18T14:10:42.602,10.945,0.067,-0.432,-0.083,0.895
1681819842612,2023-04-18T14:10:42.612,10.955,0.065,-0.436,-0.081,0.894
1681819842622,2023-04-18T14:10:42.622,10.965,0.063,-0.440,-0.080,0.892
1681819842633,2023-04-18T14:10:42.633,10.976,0.061,-0.444,-0.079,0.891
1681819842641,2023-04-18T14:10:42.641,10.984,0.059,-0.447,-0.077,0.889
1681819842652,2023-04-18T14:10:42.652,10.995,0.057,-0.448,-0.074,0.889
1681819842662,2023-04-18T14:10:42.662,11.005,0.055,-0.447,-0.074,0.890
1681819842672,2023-04-18T14:10:42.672,11.015,0.053,-0.446,-0.073,0.890
1681819842683,2023-04-18T14:10:42.683,11.026,0.051,-0.444,-0.072,0.892
1681819842691,2023-04-18T14:10:42.691,11.034,0.050,-0.442,-0.071,0.893
1681819842703,2023-04-18T14:10:42.703,11.046,0.048,-0.440,-0.070,0.894
1681819842712,2023-04-18T14:10:42.712,11.055,0.046,-0.437,-0.069,0.896
1681819842722,2023-04-18T14:10:42.722,11.065,0.044,-0.434,-0.070,0.897
1681819842732,2023-04-18T14:10:42.732,11.075,0.042,-0.432,-0.070,0.898
1681819842741,2023-04-18T14:10:42.741,11.084,0.039,-0.431,-0.071,0.899
1681819842751,2023-04-18T14:10:42.751,11.094,0.035,-0.431,-0.073,0.899
1681819842762,2023-04-18T14:10:42.762,11.105,0.030,-0.432,-0.074,0.898
1681819842772,2023-04-18T14:10:42.772,11.115,0.025,-0.431,-0.075,0.899
1681819842782,2023-04-18T14:10:42.782,11.125,0.021,-0.427,-0.075,0.901
1681819842791,2023-04-18T14:10:42.791,11.134,0.018,-0.422,-0.073,0.904
1681819842801,2023-04-18T14:10:42.801,11.144,0.016,-0.417,-0.070,0.906
1681819842811,2023-04-18T14:10:42.811,11.154,0.016,-0.416,-0.063,0.907
1681819842822,2023-04-18T14:10:42.822,11.165,0.018,-0.417,-0.053,0.907
1681819842832,2023-04-18T14:10:42.832,11.175,0.019,-0.421,-0.048,0.906
1681819842841,2023-04-18T14:10:42.841,11.184,0.020,-0.426,-0.048,0.903
1681819842851,2023-04-18T14:10:42.851,11.194,0.021,-0.429,-0.052,0.901
1681819842861,2023-04-18T14:10:42.861,11.204,0.023,-0.431,-0.055,0.900
1681819842871,2023-04-18T14:10:42.871,11.214,0.025,-0.430,-0.058,0.900
1681819842882,2023-04-18T14:10:42.882,11.225,0.027,-0.430,-0.057,0.901
1681819842891,2023-04-18T14:10:42.891,11.234,0.030,-0.429,-0.054,0.901
1681819842901,2023-04-18T14:10:42.901,11.244,0.032,-0.430,-0.054,0.901
1681819842911,2023-04-18T14:10:42.911,11.254,0.033,-0.433,-0.054,0.899
1681819842921,2023-04-18T14:10:42.921,11.264,0.033,-0.437,-0.055,0.897
1681819842930,2023-04-18T14:10:42.930,11.273,0.033,-0.442,-0.058,0.894
1681819842942,2023-04-18T14:10:42.942,11.285,0.034,-0.448,-0.061,0.891
1681819842951,2023-04-18T14:10:42.951,11.294,0.036,-0.451,-0.064,0.890
1681819842961,2023-04-18T14:10:42.961,11.304,0.040,-0.458,-0.064,0.886
1681819842971,2023-04-18T14:10:42.971,11.314,0.043,-0.465,-0.064,0.882
1681819842980,2023-04-18T14:10:42.980,11.323,0.047,-0.471,-0.063,0.879
1681819842990,2023-04-18T14:10:42.990,11.333,0.050,-0.476,-0.062,0.876
1681819843000,2023-04-18T14:10:43.000,11.343,0.054,-0.483,-0.060,0.872
1681819843011,2023-04-18T14:10:43.011,11.354,0.057,-0.489,-0.059,0.869
1681819843021,2023-04-18T14:10:43.021,11.364,0.061,-0.494,-0.059,0.865
1681819843030,2023-04-18T14:10:43.030,11.373,0.066,-0.499,-0.058,0.862
1681819843040,2023-04-18T14:10:43.040,11.383,0.070,-0.504,-0.057,0.859
1681819843050,2023-04-18T14:10:43.050,11.393,0.075,-0.509,-0.057,0.856
1681819843060,2023-04-18T14:10:43.060,11.403,0.080,-0.514,-0.056,0.852
1681819843071,2023-04-18T14:10:43.071,11.414,0.084,-0.519,-0.056,0.849
1681819843079,2023-04-18T14:10:43.079,11.422,0.088,-0.523,-0.057,0.846
1681819843090,2023-04-18T14:10:43.090,11.433,0.092,-0.527,-0.057,0.843
1681819843100,2023-04-18T14:10:43.100,11.443,0.095,-0.531,-0.058,0.840
1681819843110,2023-04-18T14:10:43.110,11.453,0.098,-0.535,-0.059,0.837
1681819843120,2023-04-18T14:10:43.120,11.463,0.100,-0.538,-0.061,0.835
1681819843129,2023-04-18T14:10:43.129,11.472,0.102,-0.541,-0.062,0.832
1681819843140,2023-04-18T14:10:43.140,11.483,0.103,-0.545,-0.065,0.830
1681819843150,2023-04-18T14:10:43.150,11.493,0.104,-0.548,-0.067,0.827
1681819843160,2023-04-18T14:10:43.160,11.503,0.106,-0.551,-0.070,0.825
1681819843170,2023-04-18T14:10:43.170,11.513,0.107,-0.555,-0.072,0.822
1681819843179,2023-04-18T14:10:43.179,11.522,0.109,-0.558,-0.075,0.819
1681819843189,2023-04-18T14:10:43.189,11.532,0.111,-0.560,-0.077,0.817
1681819843200,2023-04-18T14:10:43.200,11.543,0.113,-0.562,-0.079,0.816
1681819843210,2023-04-18T14:10:43.210,11.553,0.115,-0.563,-0.081,0.815
1681819843219,2023-04-18T14:10:43.219,11.562,0.117,-0.563,-0.083,0.814
1681819843229,2023-04-18T14:10:43.229,11.572,0.119,-0.564,-0.085,0.813
1681819843239,2023-04-18T14:10:43.239,11.582,0.122,-0.564,-0.086,0.812
1681819843249,2023-04-18T14:10:43.249,11.592,0.125,-0.565,-0.086,0.811
1681819843260,2023-04-18T14:10:43.260,11.603,0.129,-0.566,-0.085,0.810
1681819843270,2023-04-18T14:10:43.270,11.613,0.132,-0.566,-0.085,0.809
1681819843279,2023-04-18T14:10:43.279,11.622,0.136,-0.567,-0.085,0.808
1681819843289,2023-04-18T14:10:43.289,11.632,0.140,-0.568,-0.084,0.806
1681819843299,2023-04-18T14:10:43.299,11.642,0.144,-0.569,-0.084,0.805
1681819843309,2023-04-18T14:10:43.309,11.652,0.148,-0.570,-0.085,0.804
1681819843318,2023-04-18T14:10:43.318,11.661,0.150,-0.571,-0.085,0.802
1681819843329,2023-04-18T14:10:43.329,11.672,0.152,-0.573,-0.086,0.801
1681819843339,2023-04-18T14:10:43.339,11.682,0.152,-0.574,-0.087,0.800
1681819843349,2023-04-18T14:10:43.349,11.692,0.153,-0.575,-0.088,0.799
1681819843359,2023-04-18T14:10:43.359,11.702,0.154,-0.576,-0.089,0.798
1681819843368,2023-04-18T14:10:43.368,11.711,0.155,-0.576,-0.089,0.798
1681819843378,2023-04-18T14:10:43.378,11.721,0.156,-0.577,-0.088,0.797
1681819843389,2023-04-18T14:10:43.389,11.732,0.157,-0.578,-0.086,0.796
1681819843399,2023-04-18T14:10:43.399,11.742,0.159,-0.578,-0.084,0.796
1681819843409,2023-04-18T14:10:43.409,11.752,0.160,-0.577,-0.081,0.797
1681819843418,2023-04-18T14:10:43.418,11.761,0.160,-0.577,-0.077,0.797
1681819843428,2023-04-18T14:10:43.428,11.771,0.159,-0.576,-0.074,0.798
1681819843438,2023-04-18T14:10:43.438,11.781,0.156,-0.575,-0.072,0.800
1681819843449,2023-04-18T14:10:43.449,11.792,0.152,-0.572,-0.071,0.803
1681819843459,2023-04-18T14:10:43.459,11.802,0.147,-0.568,-0.069,0.807
1681819843468,2023-04-18T14:10:43.468,11.811,0.142,-0.564,-0.067,0.810
1681819843478,2023-04-18T14:10:43.478,11.821,0.138,-0.560,-0.065,0.814
1681819843488,2023-04-18T14:10:43.488,11.831,0.133,-0.556,-0.062,0.818
1681819843498,2023-04-18T14:10:43.498,11.841,0.129,-0.550,-0.058,0.823
1681819843509,2023-04-18T14:10:43.509,11.852,0.126,-0.543,-0.054,0.829
1681819843517,2023-04-18T14:10:43.517,11.860,0.123,-0.539,-0.050,0.832
1681819843528,2023-04-18T14:10:43.528,11.871,0.120,-0.534,-0.048,0.836
1681819843538,2023-04-18T14:10:43.538,11.881,0.118,-0.527,-0.046,0.840
1681819843548,2023-04-18T14:10:43.548,11.891,0.116,-0.522,-0.044,0.844
1681819843557,2023-04-18T14:10:43.557,11.900,0.114,-0.517,-0.041,0.848
1681819843567,2023-04-18T14:10:43.567,11.910,0.112,-0.511,-0.038,0.851
1681819843578,2023-04-18T14:10:43.578,11.921,0.108,-0.506,-0.036,0.855
1681819843588,2023-04-18T14:10:43.588,11.931,0.104,-0.499,-0.036,0.860
1681819843598,2023-04-18T14:10:43.598,11.941,0.100,-0.491,-0.037,0.864
1681819843607,2023-04-18T14:10:43.607,11.950,0.096,-0.484,-0.041,0.869
1681819843617,2023-04-18T14:10:43.617,11.960,0.093,-0.477,-0.046,0.873
1681819843627,2023-04-18T14:10:43.627,11.970,0.089,-0.470,-0.054,0.876
1681819843638,2023-04-18T14:10:43.638,11.981,0.084,-0.463,-0.063,0.880
1681819843648,2023-04-18T14:10:43.648,11.991,0.080,-0.455,-0.072,0.884
1681819843657,2023-04-18T14:10:43.657,12.000,0.077,-0.447,-0.080,0.888
1681819843667,2023-04-18T14:10:43.667,12.010,0.073,-0.440,-0.087,0.891
1681819843677,2023-04-18T14:10:43.677,12.020,0.069,-0.435,-0.093,0.893
1681819843687,2023-04-18T14:10:43.687,12.030,0.065,-0.431,-0.098,0.895
1681819843698,2023-04-18T14:10:43.698,12.041,0.062,-0.426,-0.102,0.897
1681819843706,2023-04-18T14:10:43.706,12.049,0.058,-0.422,-0.104,0.899
1681819843717,2023-04-18T14:10:43.717,12.060,0.055,-0.419,-0.107,0.900
1681819843727,2023-04-18T14:10:43.727,12.070,0.052,-0.416,-0.108,0.901
1681819843737,2023-04-18T14:10:43.737,12.080,0.050,-0.415,-0.109,0.902
1681819843747,2023-04-18T14:10:43.747,12.090,0.048,-0.413,-0.109,0.903
1681819843756,2023-04-18T14:10:43.756,12.099,0.047,-0.415,-0.108,0.902
1681819843766,2023-04-18T14:10:43.766,12.109,0.045,-0.416,-0.107,0.902
1681819843777,2023-04-18T14:10:43.777,12.120,0.044,-0.417,-0.106,0.902
1681819843787,2023-04-18T14:10:43.787,12.130,0.042,-0.418,-0.104,0.902
1681819843796,2023-04-18T14:10:43.796,12.139,0.041,-0.419,-0.102,0.901
1681819843806,2023-04-18T14:10:43.806,12.149,0.040,-0.421,-0.100,0.901
1681819843816,2023-04-18T14:10:43.816,12.159,0.038,-0.422,-0.098,0.900
1681819843827,2023-04-18T14:10:43.827,12.170,0.036,-0.425,-0.096,0.900
1681819843837,2023-04-18T14:10:43.837,12.180,0.035,-0.427,-0.094,0.899
1681819843847,2023-04-18T14:10:43.847,12.190,0.033,-0.430,-0.092,0.898
1681819843856,2023-04-18T14:10:43.856,12.199,0.031,-0.433,-0.090,0.896
1681819843866,2023-04-18T14:10:43.866,12.209,0.029,-0.436,-0.088,0.895
1681819843876,2023-04-18T14:10:43.876,12.219,0.027,-0.440,-0.088,0.893
1681819843887,2023-04-18T14:10:43.887,12.230,0.024,-0.443,-0.087,0.892
1681819843895,2023-04-18T14:10:43.895,12.238,0.022,-0.444,-0.086,0.892
1681819843906,2023-04-18T14:10:43.906,12.249,0.019,-0.443,-0.085,0.892
1681819843916,2023-04-18T14:10:43.916,12.259,0.016,-0.440,-0.083,0.894
1681819843926,2023-04-18T14:10:43.926,12.269,0.013,-0.438,-0.083,0.895
1681819843936,2023-04-18T14:10:43.936,12.279,0.010,-0.435,-0.083,0.896
1681819843945,2023-04-18T14:10:43.945,12.288,0.007,-0.431,-0.085,0.898
1681819843955,2023-04-18T14:10:43.955,12.298,0.004,-0.427,-0.087,0.900
1681819843966,2023-04-18T14:10:43.966,12.309,0.002,-0.422,-0.088,0.902
1681819843976,2023-04-18T14:10:43.976,12.319,0.001,0.421,0.090,-0.903
1681819843986,2023-04-18T14:10:43.986,12.329,0.004,0.421,0.091,-0.903
1681819843996,2023-04-18T14:10:43.996,12.339,0.005,0.420,0.091,-0.903
1681819844005,2023-04-18T14:10:44.005,12.348,0.007,0.417,0.092,-0.904
1681819844016,2023-04-18T14:10:44.016,12.359,0.008,0.412,0.091,-0.907
1681819844026,2023-04-18T14:10:44.026,12.369,0.007,0.408,0.088,-0.909
1681819844036,2023-04-18T14:10:44.036,12.379,0.006,0.404,0.084,-0.911
1681819844045,2023-04-18T14:10:44.045,12.388,0.003,0.403,0.079,-0.912
1681819844055,2023-04-18T14:10:44.055,12.398,0.001,0.405,0.076,-0.911
1681819844065,2023-04-18T14:10:44.065,12.408,0.002,-0.409,-0.075,0.909
1681819844076,2023-04-18T14:10:44.076,12.419,0.005,-0.414,-0.074,0.907
1681819844084,2023-04-18T14:10:44.084,12.427,0.009,-0.416,-0.071,0.907
1681819844095,2023-04-18T14:10:44.095,12.438,0.013,-0.418,-0.066,0.906
1681819844105,2023-04-18T14:10:44.105,12.448,0.016,-0.420,-0.062,0.905
1681819844115,2023-04-18T14:10:44.115,12.458,0.019,-0.424,-0.058,0.904
1681819844125,2023-04-18T14:10:44.125,12.468,0.021,-0.427,-0.057,0.902
1681819844134,2023-04-18T14:10:44.134,12.477,0.023,-0.432,-0.059,0.899
1681819844144,2023-04-18T14:10:44.144,12.487,0.024,-0.437,-0.063,0.897
1681819844155,2023-04-18T14:10:44.155,12.498,0.026,-0.442,-0.067,0.894
1681819844165,2023-04-18T14:10:44.165,12.508,0.028,-0.447,-0.070,0.892
1681819844175,2023-04-18T14:10:44.175,12.518,0.030,-0.452,-0.072,0.889
1681819844184,2023-04-18T14:10:44.184,12.527,0.033,-0.458,-0.073,0.886
1681819844194,2023-04-18T14:10:44.194,12.537,0.036,-0.464,-0.072,0.882
1681819844204,2023-04-18T14:10:44.204,12.547,0.038,-0.469,-0.072,0.879
1681819844215,2023-04-18T14:10:44.215,12.558,0.042,-0.474,-0.072,0.877
1681819844225,2023-04-18T14:10:44.225,12.568,0.045,-0.480,-0.071,0.873
1681819844235,2023-04-18T14:10:44.235,12.578,0.050,-0.486,-0.070,0.870
1681819844244,2023-04-18T14:10:44.244,12.587,0.054,-0.491,-0.069,0.866
1681819844254,2023-04-18T14:10:44.254,12.597,0.059,-0.497,-0.068,0.863
1681819844265,2023-04-18T14:10:44.265,12.608,0.063,-0.502,-0.067,0.860
1681819844275,2023-04-18T14:10:44.275,12.618,0.068,-0.507,-0.066,0.857
1681819844284,2023-04-18T14:10:44.284,12.627,0.072,-0.511,-0.065,0.854
1681819844294,2023-04-18T14:10:44.294,12.637,0.076,-0.515,-0.064,0.851
1681819844304,2023-04-18T14:10:44.304,12.647,0.080,-0.519,-0.063,0.849
1681819844314,2023-04-18T14:10:44.314,12.657,0.084,-0.523,-0.063,0.846
1681819844325,2023-04-18T14:10:44.325,12.668,0.088,-0.526,-0.063,0.844
1681819844333,2023-04-18T14:10:44.333,12.676,0.091,-0.529,-0.063,0.841
1681819844344,2023-04-18T14:10:44.344,12.687,0.095,-0.533,-0.063,0.839
1681819844354,2023-04-18T14:10:44.354,12.697,0.099,-0.536,-0.064,0.836
1681819844364,2023-04-18T14:10:44.364,12.707,0.102,-0.540,-0.064,0.833
1681819844373,2023-04-18T14:10:44.373,12.716,0.105,-0.543,-0.065,0.830
1681819844383,2023-04-18T14:10:44.383,12.726,0.108,-0.546,-0.067,0.828
1681819844395,2023-04-18T14:10:44.395,12.738,0.111,-0.549,-0.068,0.826
1681819844404,2023-04-18T14:10:44.404,12.747,0.114,-0.551,-0.071,0.823
1681819844414,2023-04-18T14:10:44.414,12.757,0.116,-0.554,-0.075,0.821
1681819844423,2023-04-18T14:10:44.423,12.766,0.118,-0.555,-0.078,0.820
1681819844433,2023-04-18T14:10:44.433,12.776,0.120,-0.557,-0.081,0.818
1681819844443,2023-04-18T14:10:44.443,12.786,0.122,-0.558,-0.084,0.816
1681819844454,2023-04-18T14:10:44.454,12.797,0.125,-0.560,-0.086,0.815
1681819844464,2023-04-18T14:10:44.464,12.807,0.127,-0.561,-0.088,0.813
1681819844474,2023-04-18T14:10:44.474,12.817,0.131,-0.562,-0.089,0.812
1681819844483,2023-04-18T14:10:44.483,12.826,0.134,-0.563,-0.090,0.810
1681819844493,2023-04-18T14:10:44.493,12.836,0.139,-0.564,-0.090,0.809
1681819844503,2023-04-18T14:10:44.503,12.846,0.143,-0.564,-0.089,0.808
1681819844514,2023-04-18T14:10:44.514,12.857,0.147,-0.565,-0.089,0.807
1681819844522,2023-04-18T14:10:44.522,12.865,0.150,-0.566,-0.089,0.806
1681819844533,2023-04-18T14:10:44.533,12.876,0.152,-0.566,-0.090,0.805
1681819844543,2023-04-18T14:10:44.543,12.886,0.152,-0.567,-0.091,0.804
1681819844553,2023-04-18T14:10:44.553,12.896,0.152,-0.568,-0.093,0.804
1681819844563,2023-04-18T14:10:44.563,12.906,0.152,-0.568,-0.094,0.803
1681819844572,2023-04-18T14:10:44.572,12.915,0.151,-0.569,-0.095,0.803
